name,email,dept,year,program,group_code,day1,day2
Student 01001,student01001@example.edu,CSE-A,1,B,A,KB1A1001,KB1A2001
Student 01002,student01002@example.edu,CSE-A,1,B,A,KB1A1002,KB1A2002
Student 01003,student01003@example.edu,CSE-A,1,B,A,KB1A1003,KB1A2003
Student 01004,student01004@example.edu,CSE-A,1,B,A,KB1A1004,KB1A2004
Student 01005,student01005@example.edu,CSE-A,1,B,A,KB1A1005,KB1A2005
Student 01006,student01006@example.edu,CSE-A,1,B,A,KB1A1006,KB1A2006
Student 01007,student01007@example.edu,CSE-A,1,B,A,KB1A1007,KB1A2007
Student 01008,student01008@example.edu,CSE-A,1,B,A,KB1A1008,KB1A2008
Student 01009,student01009@example.edu,CSE-A,1,B,A,KB1A1009,KB1A2009
Student 01010,student01010@example.edu,CSE-A,1,B,A,KB1A1010,KB1A2010
Student 01011,student01011@example.edu,CSE-A,1,B,A,KB1A1011,KB1A2011
Student 01012,student01012@example.edu,CSE-A,1,B,A,KB1A1012,KB1A2012
Student 01013,student01013@example.edu,CSE-A,1,B,A,KB1A1013,KB1A2013
Student 01014,student01014@example.edu,CSE-A,1,B,A,KB1A1014,KB1A2014
Student 01015,student01015@example.edu,CSE-A,1,B,A,KB1A1015,KB1A2015
Student 01016,student01016@example.edu,CSE-A,1,B,A,KB1A1016,KB1A2016
Student 01017,student01017@example.edu,CSE-A,1,B,A,KB1A1017,KB1A2017
Student 01018,student01018@example.edu,CSE-A,1,B,A,KB1A1018,KB1A2018
Student 01019,student01019@example.edu,CSE-A,1,B,A,KB1A1019,KB1A2019
Student 01020,student01020@example.edu,CSE-A,1,B,A,KB1A1020,KB1A2020
Student 01021,student01021@example.edu,CSE-A,1,B,A,KB1A1021,KB1A2021
Student 01022,student01022@example.edu,CSE-A,1,B,A,KB1A1022,KB1A2022
Student 01023,student01023@example.edu,CSE-A,1,B,A,KB1A1023,KB1A2023
Student 01024,student01024@example.edu,CSE-A,1,B,A,KB1A1024,KB1A2024
Student 01025,student01025@example.edu,CSE-A,1,B,A,KB1A1025,KB1A2025
Student 01026,student01026@example.edu,CSE-A,1,B,A,KB1A1026,KB1A2026
Student 01027,student01027@example.edu,CSE-A,1,B,A,KB1A1027,KB1A2027
Student 01028,student01028@example.edu,CSE-A,1,B,A,KB1A1028,KB1A2028
Student 01029,student01029@example.edu,CSE-A,1,B,A,KB1A1029,KB1A2029
Student 01030,student01030@example.edu,CSE-A,1,B,A,KB1A1030,KB1A2030
Student 01031,student01031@example.edu,CSE-A,1,B,A,KB1A1031,KB1A2031
Student 01032,student01032@example.edu,CSE-A,1,B,A,KB1A1032,KB1A2032
Student 01033,student01033@example.edu,CSE-A,1,B,A,KB1A1033,KB1A2033
Student 01034,student01034@example.edu,CSE-A,1,B,A,KB1A1034,KB1A2034
Student 01035,student01035@example.edu,CSE-A,1,B,A,KB1A1035,KB1A2035
Student 01036,student01036@example.edu,CSE-A,1,B,A,KB1A1036,KB1A2036
Student 01037,student01037@example.edu,CSE-A,1,B,A,KB1A1037,KB1A2037
Student 01038,student01038@example.edu,CSE-A,1,B,A,KB1A1038,KB1A2038
Student 01039,student01039@example.edu,CSE-A,1,B,A,KB1A1039,KB1A2039
Student 01040,student01040@example.edu,CSE-A,1,B,A,KB1A1040,KB1A2040
Student 01041,student01041@example.edu,CSE-A,1,B,A,KB1A1041,KB1A2041
Student 01042,student01042@example.edu,CSE-A,1,B,A,KB1A1042,KB1A2042
Student 01043,student01043@example.edu,CSE-A,1,B,A,KB1A1043,KB1A2043
Student 01044,student01044@example.edu,CSE-A,1,B,A,KB1A1044,KB1A2044
Student 01045,student01045@example.edu,CSE-A,1,B,A,KB1A1045,KB1A2045
Student 01046,student01046@example.edu,CSE-A,1,B,A,KB1A1046,KB1A2046
Student 01047,student01047@example.edu,CSE-A,1,B,A,KB1A1047,KB1A2047
Student 01048,student01048@example.edu,CSE-A,1,B,A,KB1A1048,KB1A2048
Student 01049,student01049@example.edu,CSE-A,1,B,A,KB1A1049,KB1A2049
Student 01050,student01050@example.edu,CSE-A,1,B,A,KB1A1050,KB1A2050
Student 01051,student01051@example.edu,CSE-A,1,B,A,KB1A1051,KB1A2051
Student 01052,student01052@example.edu,CSE-A,1,B,A,KB1A1052,KB1A2052
Student 01053,student01053@example.edu,CSE-A,1,B,A,KB1A1053,KB1A2053
Student 01054,student01054@example.edu,CSE-A,1,B,A,KB1A1054,KB1A2054
Student 01055,student01055@example.edu,CSE-A,1,B,A,KB1A1055,KB1A2055
Student 01056,student01056@example.edu,CSE-A,1,B,A,KB1A1056,KB1A2056
Student 01057,student01057@example.edu,CSE-A,1,B,A,KB1A1057,KB1A2057
Student 01058,student01058@example.edu,CSE-A,1,B,A,KB1A1058,KB1A2058
Student 01059,student01059@example.edu,CSE-A,1,B,A,KB1A1059,KB1A2059
Student 01060,student01060@example.edu,CSE-A,1,B,A,KB1A1060,KB1A2060
Student 01001,student01001@example.edu,CSE-B,1,B,B,KB1B1001,KB1B2001
Student 01002,student01002@example.edu,CSE-B,1,B,B,KB1B1002,KB1B2002
Student 01003,student01003@example.edu,CSE-B,1,B,B,KB1B1003,KB1B2003
Student 01004,student01004@example.edu,CSE-B,1,B,B,KB1B1004,KB1B2004
Student 01005,student01005@example.edu,CSE-B,1,B,B,KB1B1005,KB1B2005
Student 01006,student01006@example.edu,CSE-B,1,B,B,KB1B1006,KB1B2006
Student 01007,student01007@example.edu,CSE-B,1,B,B,KB1B1007,KB1B2007
Student 01008,student01008@example.edu,CSE-B,1,B,B,KB1B1008,KB1B2008
Student 01009,student01009@example.edu,CSE-B,1,B,B,KB1B1009,KB1B2009
Student 01010,student01010@example.edu,CSE-B,1,B,B,KB1B1010,KB1B2010
Student 01011,student01011@example.edu,CSE-B,1,B,B,KB1B1011,KB1B2011
Student 01012,student01012@example.edu,CSE-B,1,B,B,KB1B1012,KB1B2012
Student 01013,student01013@example.edu,CSE-B,1,B,B,KB1B1013,KB1B2013
Student 01014,student01014@example.edu,CSE-B,1,B,B,KB1B1014,KB1B2014
Student 01015,student01015@example.edu,CSE-B,1,B,B,KB1B1015,KB1B2015
Student 01016,student01016@example.edu,CSE-B,1,B,B,KB1B1016,KB1B2016
Student 01017,student01017@example.edu,CSE-B,1,B,B,KB1B1017,KB1B2017
Student 01018,student01018@example.edu,CSE-B,1,B,B,KB1B1018,KB1B2018
Student 01019,student01019@example.edu,CSE-B,1,B,B,KB1B1019,KB1B2019
Student 01020,student01020@example.edu,CSE-B,1,B,B,KB1B1020,KB1B2020
Student 01021,student01021@example.edu,CSE-B,1,B,B,KB1B1021,KB1B2021
Student 01022,student01022@example.edu,CSE-B,1,B,B,KB1B1022,KB1B2022
Student 01023,student01023@example.edu,CSE-B,1,B,B,KB1B1023,KB1B2023
Student 01024,student01024@example.edu,CSE-B,1,B,B,KB1B1024,KB1B2024
Student 01025,student01025@example.edu,CSE-B,1,B,B,KB1B1025,KB1B2025
Student 01026,student01026@example.edu,CSE-B,1,B,B,KB1B1026,KB1B2026
Student 01027,student01027@example.edu,CSE-B,1,B,B,KB1B1027,KB1B2027
Student 01028,student01028@example.edu,CSE-B,1,B,B,KB1B1028,KB1B2028
Student 01029,student01029@example.edu,CSE-B,1,B,B,KB1B1029,KB1B2029
Student 01030,student01030@example.edu,CSE-B,1,B,B,KB1B1030,KB1B2030
Student 01031,student01031@example.edu,CSE-B,1,B,B,KB1B1031,KB1B2031
Student 01032,student01032@example.edu,CSE-B,1,B,B,KB1B1032,KB1B2032
Student 01033,student01033@example.edu,CSE-B,1,B,B,KB1B1033,KB1B2033
Student 01034,student01034@example.edu,CSE-B,1,B,B,KB1B1034,KB1B2034
Student 01035,student01035@example.edu,CSE-B,1,B,B,KB1B1035,KB1B2035
Student 01036,student01036@example.edu,CSE-B,1,B,B,KB1B1036,KB1B2036
Student 01037,student01037@example.edu,CSE-B,1,B,B,KB1B1037,KB1B2037
Student 01038,student01038@example.edu,CSE-B,1,B,B,KB1B1038,KB1B2038
Student 01039,student01039@example.edu,CSE-B,1,B,B,KB1B1039,KB1B2039
Student 01040,student01040@example.edu,CSE-B,1,B,B,KB1B1040,KB1B2040
Student 01041,student01041@example.edu,CSE-B,1,B,B,KB1B1041,KB1B2041
Student 01042,student01042@example.edu,CSE-B,1,B,B,KB1B1042,KB1B2042
Student 01043,student01043@example.edu,CSE-B,1,B,B,KB1B1043,KB1B2043
Student 01044,student01044@example.edu,CSE-B,1,B,B,KB1B1044,KB1B2044
Student 01045,student01045@example.edu,CSE-B,1,B,B,KB1B1045,KB1B2045
Student 01046,student01046@example.edu,CSE-B,1,B,B,KB1B1046,KB1B2046
Student 01047,student01047@example.edu,CSE-B,1,B,B,KB1B1047,KB1B2047
Student 01048,student01048@example.edu,CSE-B,1,B,B,KB1B1048,KB1B2048
Student 01049,student01049@example.edu,CSE-B,1,B,B,KB1B1049,KB1B2049
Student 01050,student01050@example.edu,CSE-B,1,B,B,KB1B1050,KB1B2050
Student 01051,student01051@example.edu,CSE-B,1,B,B,KB1B1051,KB1B2051
Student 01052,student01052@example.edu,CSE-B,1,B,B,KB1B1052,KB1B2052
Student 01053,student01053@example.edu,CSE-B,1,B,B,KB1B1053,KB1B2053
Student 01054,student01054@example.edu,CSE-B,1,B,B,KB1B1054,KB1B2054
Student 01055,student01055@example.edu,CSE-B,1,B,B,KB1B1055,KB1B2055
Student 01056,student01056@example.edu,CSE-B,1,B,B,KB1B1056,KB1B2056
Student 01057,student01057@example.edu,CSE-B,1,B,B,KB1B1057,KB1B2057
Student 01058,student01058@example.edu,CSE-B,1,B,B,KB1B1058,KB1B2058
Student 01059,student01059@example.edu,CSE-B,1,B,B,KB1B1059,KB1B2059
Student 01060,student01060@example.edu,CSE-B,1,B,B,KB1B1060,KB1B2060
Student 01001,student01001@example.edu,ECE,1,B,E,KB1E1001,KB1E2001
Student 01002,student01002@example.edu,ECE,1,B,E,KB1E1002,KB1E2002
Student 01003,student01003@example.edu,ECE,1,B,E,KB1E1003,KB1E2003
Student 01004,student01004@example.edu,ECE,1,B,E,KB1E1004,KB1E2004
Student 01005,student01005@example.edu,ECE,1,B,E,KB1E1005,KB1E2005
Student 01006,student01006@example.edu,ECE,1,B,E,KB1E1006,KB1E2006
Student 01007,student01007@example.edu,ECE,1,B,E,KB1E1007,KB1E2007
Student 01008,student01008@example.edu,ECE,1,B,E,KB1E1008,KB1E2008
Student 01009,student01009@example.edu,ECE,1,B,E,KB1E1009,KB1E2009
Student 01010,student01010@example.edu,ECE,1,B,E,KB1E1010,KB1E2010
Student 01011,student01011@example.edu,ECE,1,B,E,KB1E1011,KB1E2011
Student 01012,student01012@example.edu,ECE,1,B,E,KB1E1012,KB1E2012
Student 01013,student01013@example.edu,ECE,1,B,E,KB1E1013,KB1E2013
Student 01014,student01014@example.edu,ECE,1,B,E,KB1E1014,KB1E2014
Student 01015,student01015@example.edu,ECE,1,B,E,KB1E1015,KB1E2015
Student 01016,student01016@example.edu,ECE,1,B,E,KB1E1016,KB1E2016
Student 01017,student01017@example.edu,ECE,1,B,E,KB1E1017,KB1E2017
Student 01018,student01018@example.edu,ECE,1,B,E,KB1E1018,KB1E2018
Student 01019,student01019@example.edu,ECE,1,B,E,KB1E1019,KB1E2019
Student 01020,student01020@example.edu,ECE,1,B,E,KB1E1020,KB1E2020
Student 01021,student01021@example.edu,ECE,1,B,E,KB1E1021,KB1E2021
Student 01022,student01022@example.edu,ECE,1,B,E,KB1E1022,KB1E2022
Student 01023,student01023@example.edu,ECE,1,B,E,KB1E1023,KB1E2023
Student 01024,student01024@example.edu,ECE,1,B,E,KB1E1024,KB1E2024
Student 01025,student01025@example.edu,ECE,1,B,E,KB1E1025,KB1E2025
Student 01026,student01026@example.edu,ECE,1,B,E,KB1E1026,KB1E2026
Student 01027,student01027@example.edu,ECE,1,B,E,KB1E1027,KB1E2027
Student 01028,student01028@example.edu,ECE,1,B,E,KB1E1028,KB1E2028
Student 01029,student01029@example.edu,ECE,1,B,E,KB1E1029,KB1E2029
Student 01030,student01030@example.edu,ECE,1,B,E,KB1E1030,KB1E2030
Student 01031,student01031@example.edu,ECE,1,B,E,KB1E1031,KB1E2031
Student 01032,student01032@example.edu,ECE,1,B,E,KB1E1032,KB1E2032
Student 01033,student01033@example.edu,ECE,1,B,E,KB1E1033,KB1E2033
Student 01034,student01034@example.edu,ECE,1,B,E,KB1E1034,KB1E2034
Student 01035,student01035@example.edu,ECE,1,B,E,KB1E1035,KB1E2035
Student 01036,student01036@example.edu,ECE,1,B,E,KB1E1036,KB1E2036
Student 01037,student01037@example.edu,ECE,1,B,E,KB1E1037,KB1E2037
Student 01038,student01038@example.edu,ECE,1,B,E,KB1E1038,KB1E2038
Student 01039,student01039@example.edu,ECE,1,B,E,KB1E1039,KB1E2039
Student 01040,student01040@example.edu,ECE,1,B,E,KB1E1040,KB1E2040
Student 01041,student01041@example.edu,ECE,1,B,E,KB1E1041,KB1E2041
Student 01042,student01042@example.edu,ECE,1,B,E,KB1E1042,KB1E2042
Student 01043,student01043@example.edu,ECE,1,B,E,KB1E1043,KB1E2043
Student 01044,student01044@example.edu,ECE,1,B,E,KB1E1044,KB1E2044
Student 01045,student01045@example.edu,ECE,1,B,E,KB1E1045,KB1E2045
Student 01046,student01046@example.edu,ECE,1,B,E,KB1E1046,KB1E2046
Student 01047,student01047@example.edu,ECE,1,B,E,KB1E1047,KB1E2047
Student 01048,student01048@example.edu,ECE,1,B,E,KB1E1048,KB1E2048
Student 01049,student01049@example.edu,ECE,1,B,E,KB1E1049,KB1E2049
Student 01050,student01050@example.edu,ECE,1,B,E,KB1E1050,KB1E2050
Student 01051,student01051@example.edu,ECE,1,B,E,KB1E1051,KB1E2051
Student 01052,student01052@example.edu,ECE,1,B,E,KB1E1052,KB1E2052
Student 01053,student01053@example.edu,ECE,1,B,E,KB1E1053,KB1E2053
Student 01054,student01054@example.edu,ECE,1,B,E,KB1E1054,KB1E2054
Student 01055,student01055@example.edu,ECE,1,B,E,KB1E1055,KB1E2055
Student 01001,student01001@example.edu,ME,1,B,M,KB1M1001,KB1M2001
Student 01002,student01002@example.edu,ME,1,B,M,KB1M1002,KB1M2002
Student 01003,student01003@example.edu,ME,1,B,M,KB1M1003,KB1M2003
Student 01004,student01004@example.edu,ME,1,B,M,KB1M1004,KB1M2004
Student 01005,student01005@example.edu,ME,1,B,M,KB1M1005,KB1M2005
Student 01006,student01006@example.edu,ME,1,B,M,KB1M1006,KB1M2006
Student 01007,student01007@example.edu,ME,1,B,M,KB1M1007,KB1M2007
Student 01008,student01008@example.edu,ME,1,B,M,KB1M1008,KB1M2008
Student 01009,student01009@example.edu,ME,1,B,M,KB1M1009,KB1M2009
Student 01010,student01010@example.edu,ME,1,B,M,KB1M1010,KB1M2010
Student 01011,student01011@example.edu,ME,1,B,M,KB1M1011,KB1M2011
Student 01012,student01012@example.edu,ME,1,B,M,KB1M1012,KB1M2012
Student 01013,student01013@example.edu,ME,1,B,M,KB1M1013,KB1M2013
Student 01014,student01014@example.edu,ME,1,B,M,KB1M1014,KB1M2014
Student 01015,student01015@example.edu,ME,1,B,M,KB1M1015,KB1M2015
Student 01016,student01016@example.edu,ME,1,B,M,KB1M1016,KB1M2016
Student 01017,student01017@example.edu,ME,1,B,M,KB1M1017,KB1M2017
Student 01018,student01018@example.edu,ME,1,B,M,KB1M1018,KB1M2018
Student 01019,student01019@example.edu,ME,1,B,M,KB1M1019,KB1M2019
Student 01020,student01020@example.edu,ME,1,B,M,KB1M1020,KB1M2020
Student 01021,student01021@example.edu,ME,1,B,M,KB1M1021,KB1M2021
Student 01022,student01022@example.edu,ME,1,B,M,KB1M1022,KB1M2022
Student 01023,student01023@example.edu,ME,1,B,M,KB1M1023,KB1M2023
Student 01024,student01024@example.edu,ME,1,B,M,KB1M1024,KB1M2024
Student 01025,student01025@example.edu,ME,1,B,M,KB1M1025,KB1M2025
Student 01026,student01026@example.edu,ME,1,B,M,KB1M1026,KB1M2026
Student 01027,student01027@example.edu,ME,1,B,M,KB1M1027,KB1M2027
Student 01028,student01028@example.edu,ME,1,B,M,KB1M1028,KB1M2028
Student 01029,student01029@example.edu,ME,1,B,M,KB1M1029,KB1M2029
Student 01030,student01030@example.edu,ME,1,B,M,KB1M1030,KB1M2030
Student 01031,student01031@example.edu,ME,1,B,M,KB1M1031,KB1M2031
Student 01032,student01032@example.edu,ME,1,B,M,KB1M1032,KB1M2032
Student 01033,student01033@example.edu,ME,1,B,M,KB1M1033,KB1M2033
Student 01034,student01034@example.edu,ME,1,B,M,KB1M1034,KB1M2034
Student 01035,student01035@example.edu,ME,1,B,M,KB1M1035,KB1M2035
Student 01036,student01036@example.edu,ME,1,B,M,KB1M1036,KB1M2036
Student 01037,student01037@example.edu,ME,1,B,M,KB1M1037,KB1M2037
Student 01038,student01038@example.edu,ME,1,B,M,KB1M1038,KB1M2038
Student 01039,student01039@example.edu,ME,1,B,M,KB1M1039,KB1M2039
Student 01040,student01040@example.edu,ME,1,B,M,KB1M1040,KB1M2040
Student 01041,student01041@example.edu,ME,1,B,M,KB1M1041,KB1M2041
Student 01042,student01042@example.edu,ME,1,B,M,KB1M1042,KB1M2042
Student 01043,student01043@example.edu,ME,1,B,M,KB1M1043,KB1M2043
Student 01044,student01044@example.edu,ME,1,B,M,KB1M1044,KB1M2044
Student 01045,student01045@example.edu,ME,1,B,M,KB1M1045,KB1M2045
Student 01001,student01001@example.edu,Civil,1,B,V,KB1V1001,KB1V2001
Student 01002,student01002@example.edu,Civil,1,B,V,KB1V1002,KB1V2002
Student 01003,student01003@example.edu,Civil,1,B,V,KB1V1003,KB1V2003
Student 01004,student01004@example.edu,Civil,1,B,V,KB1V1004,KB1V2004
Student 01005,student01005@example.edu,Civil,1,B,V,KB1V1005,KB1V2005
Student 01006,student01006@example.edu,Civil,1,B,V,KB1V1006,KB1V2006
Student 01007,student01007@example.edu,Civil,1,B,V,KB1V1007,KB1V2007
Student 01008,student01008@example.edu,Civil,1,B,V,KB1V1008,KB1V2008
Student 01009,student01009@example.edu,Civil,1,B,V,KB1V1009,KB1V2009
Student 01010,student01010@example.edu,Civil,1,B,V,KB1V1010,KB1V2010
Student 01011,student01011@example.edu,Civil,1,B,V,KB1V1011,KB1V2011
Student 01012,student01012@example.edu,Civil,1,B,V,KB1V1012,KB1V2012
Student 01013,student01013@example.edu,Civil,1,B,V,KB1V1013,KB1V2013
Student 01014,student01014@example.edu,Civil,1,B,V,KB1V1014,KB1V2014
Student 01015,student01015@example.edu,Civil,1,B,V,KB1V1015,KB1V2015
Student 01016,student01016@example.edu,Civil,1,B,V,KB1V1016,KB1V2016
Student 01017,student01017@example.edu,Civil,1,B,V,KB1V1017,KB1V2017
Student 01018,student01018@example.edu,Civil,1,B,V,KB1V1018,KB1V2018
Student 01019,student01019@example.edu,Civil,1,B,V,KB1V1019,KB1V2019
Student 01020,student01020@example.edu,Civil,1,B,V,KB1V1020,KB1V2020
Student 01021,student01021@example.edu,Civil,1,B,V,KB1V1021,KB1V2021
Student 01022,student01022@example.edu,Civil,1,B,V,KB1V1022,KB1V2022
Student 01023,student01023@example.edu,Civil,1,B,V,KB1V1023,KB1V2023
Student 01024,student01024@example.edu,Civil,1,B,V,KB1V1024,KB1V2024
Student 01025,student01025@example.edu,Civil,1,B,V,KB1V1025,KB1V2025
Student 01026,student01026@example.edu,Civil,1,B,V,KB1V1026,KB1V2026
Student 01027,student01027@example.edu,Civil,1,B,V,KB1V1027,KB1V2027
Student 01028,student01028@example.edu,Civil,1,B,V,KB1V1028,KB1V2028
Student 01029,student01029@example.edu,Civil,1,B,V,KB1V1029,KB1V2029
Student 01030,student01030@example.edu,Civil,1,B,V,KB1V1030,KB1V2030
Student 01031,student01031@example.edu,Civil,1,B,V,KB1V1031,KB1V2031
Student 01032,student01032@example.edu,Civil,1,B,V,KB1V1032,KB1V2032
Student 01033,student01033@example.edu,Civil,1,B,V,KB1V1033,KB1V2033
Student 01034,student01034@example.edu,Civil,1,B,V,KB1V1034,KB1V2034
Student 01035,student01035@example.edu,Civil,1,B,V,KB1V1035,KB1V2035
Student 01036,student01036@example.edu,Civil,1,B,V,KB1V1036,KB1V2036
Student 01037,student01037@example.edu,Civil,1,B,V,KB1V1037,KB1V2037
Student 01038,student01038@example.edu,Civil,1,B,V,KB1V1038,KB1V2038
Student 01039,student01039@example.edu,Civil,1,B,V,KB1V1039,KB1V2039
Student 01040,student01040@example.edu,Civil,1,B,V,KB1V1040,KB1V2040
Student 01001,student01001@example.edu,EEE,1,B,L,KB1L1001,KB1L2001
Student 01002,student01002@example.edu,EEE,1,B,L,KB1L1002,KB1L2002
Student 01003,student01003@example.edu,EEE,1,B,L,KB1L1003,KB1L2003
Student 01004,student01004@example.edu,EEE,1,B,L,KB1L1004,KB1L2004
Student 01005,student01005@example.edu,EEE,1,B,L,KB1L1005,KB1L2005
Student 01006,student01006@example.edu,EEE,1,B,L,KB1L1006,KB1L2006
Student 01007,student01007@example.edu,EEE,1,B,L,KB1L1007,KB1L2007
Student 01008,student01008@example.edu,EEE,1,B,L,KB1L1008,KB1L2008
Student 01009,student01009@example.edu,EEE,1,B,L,KB1L1009,KB1L2009
Student 01010,student01010@example.edu,EEE,1,B,L,KB1L1010,KB1L2010
Student 01011,student01011@example.edu,EEE,1,B,L,KB1L1011,KB1L2011
Student 01012,student01012@example.edu,EEE,1,B,L,KB1L1012,KB1L2012
Student 01013,student01013@example.edu,EEE,1,B,L,KB1L1013,KB1L2013
Student 01014,student01014@example.edu,EEE,1,B,L,KB1L1014,KB1L2014
Student 01015,student01015@example.edu,EEE,1,B,L,KB1L1015,KB1L2015
Student 01016,student01016@example.edu,EEE,1,B,L,KB1L1016,KB1L2016
Student 01017,student01017@example.edu,EEE,1,B,L,KB1L1017,KB1L2017
Student 01018,student01018@example.edu,EEE,1,B,L,KB1L1018,KB1L2018
Student 01019,student01019@example.edu,EEE,1,B,L,KB1L1019,KB1L2019
Student 01020,student01020@example.edu,EEE,1,B,L,KB1L1020,KB1L2020
Student 01021,student01021@example.edu,EEE,1,B,L,KB1L1021,KB1L2021
Student 01022,student01022@example.edu,EEE,1,B,L,KB1L1022,KB1L2022
Student 01023,student01023@example.edu,EEE,1,B,L,KB1L1023,KB1L2023
Student 01024,student01024@example.edu,EEE,1,B,L,KB1L1024,KB1L2024
Student 01025,student01025@example.edu,EEE,1,B,L,KB1L1025,KB1L2025
Student 01026,student01026@example.edu,EEE,1,B,L,KB1L1026,KB1L2026
Student 01027,student01027@example.edu,EEE,1,B,L,KB1L1027,KB1L2027
Student 01028,student01028@example.edu,EEE,1,B,L,KB1L1028,KB1L2028
Student 01029,student01029@example.edu,EEE,1,B,L,KB1L1029,KB1L2029
Student 01030,student01030@example.edu,EEE,1,B,L,KB1L1030,KB1L2030
Student 01031,student01031@example.edu,EEE,1,B,L,KB1L1031,KB1L2031
Student 01032,student01032@example.edu,EEE,1,B,L,KB1L1032,KB1L2032
Student 01033,student01033@example.edu,EEE,1,B,L,KB1L1033,KB1L2033
Student 01034,student01034@example.edu,EEE,1,B,L,KB1L1034,KB1L2034
Student 01035,student01035@example.edu,EEE,1,B,L,KB1L1035,KB1L2035
Student 01036,student01036@example.edu,EEE,1,B,L,KB1L1036,KB1L2036
Student 01037,student01037@example.edu,EEE,1,B,L,KB1L1037,KB1L2037
Student 01038,student01038@example.edu,EEE,1,B,L,KB1L1038,KB1L2038
Student 01039,student01039@example.edu,EEE,1,B,L,KB1L1039,KB1L2039
Student 01040,student01040@example.edu,EEE,1,B,L,KB1L1040,KB1L2040
Student 01001,student01001@example.edu,Robotics,1,B,R,KB1R1001,KB1R2001
Student 01002,student01002@example.edu,Robotics,1,B,R,KB1R1002,KB1R2002
Student 01003,student01003@example.edu,Robotics,1,B,R,KB1R1003,KB1R2003
Student 01004,student01004@example.edu,Robotics,1,B,R,KB1R1004,KB1R2004
Student 01005,student01005@example.edu,Robotics,1,B,R,KB1R1005,KB1R2005
Student 01006,student01006@example.edu,Robotics,1,B,R,KB1R1006,KB1R2006
Student 01007,student01007@example.edu,Robotics,1,B,R,KB1R1007,KB1R2007
Student 01008,student01008@example.edu,Robotics,1,B,R,KB1R1008,KB1R2008
Student 01009,student01009@example.edu,Robotics,1,B,R,KB1R1009,KB1R2009
Student 01010,student01010@example.edu,Robotics,1,B,R,KB1R1010,KB1R2010
Student 01011,student01011@example.edu,Robotics,1,B,R,KB1R1011,KB1R2011
Student 01012,student01012@example.edu,Robotics,1,B,R,KB1R1012,KB1R2012
Student 01013,student01013@example.edu,Robotics,1,B,R,KB1R1013,KB1R2013
Student 01014,student01014@example.edu,Robotics,1,B,R,KB1R1014,KB1R2014
Student 01015,student01015@example.edu,Robotics,1,B,R,KB1R1015,KB1R2015
Student 01016,student01016@example.edu,Robotics,1,B,R,KB1R1016,KB1R2016
Student 01017,student01017@example.edu,Robotics,1,B,R,KB1R1017,KB1R2017
Student 01018,student01018@example.edu,Robotics,1,B,R,KB1R1018,KB1R2018
Student 01019,student01019@example.edu,Robotics,1,B,R,KB1R1019,KB1R2019
Student 01020,student01020@example.edu,Robotics,1,B,R,KB1R1020,KB1R2020
Student 01021,student01021@example.edu,Robotics,1,B,R,KB1R1021,KB1R2021
Student 01022,student01022@example.edu,Robotics,1,B,R,KB1R1022,KB1R2022
Student 01023,student01023@example.edu,Robotics,1,B,R,KB1R1023,KB1R2023
Student 01024,student01024@example.edu,Robotics,1,B,R,KB1R1024,KB1R2024
Student 01025,student01025@example.edu,Robotics,1,B,R,KB1R1025,KB1R2025
Student 01026,student01026@example.edu,Robotics,1,B,R,KB1R1026,KB1R2026
Student 01027,student01027@example.edu,Robotics,1,B,R,KB1R1027,KB1R2027
Student 01028,student01028@example.edu,Robotics,1,B,R,KB1R1028,KB1R2028
Student 01029,student01029@example.edu,Robotics,1,B,R,KB1R1029,KB1R2029
Student 01030,student01030@example.edu,Robotics,1,B,R,KB1R1030,KB1R2030
Student 01001,student01001@example.edu,MCA,1,M,0,KM101001,KM102001
Student 01002,student01002@example.edu,MCA,1,M,0,KM101002,KM102002
Student 01003,student01003@example.edu,MCA,1,M,0,KM101003,KM102003
Student 01004,student01004@example.edu,MCA,1,M,0,KM101004,KM102004
Student 01005,student01005@example.edu,MCA,1,M,0,KM101005,KM102005
Student 01006,student01006@example.edu,MCA,1,M,0,KM101006,KM102006
Student 01007,student01007@example.edu,MCA,1,M,0,KM101007,KM102007
Student 01008,student01008@example.edu,MCA,1,M,0,KM101008,KM102008
Student 01009,student01009@example.edu,MCA,1,M,0,KM101009,KM102009
Student 01010,student01010@example.edu,MCA,1,M,0,KM101010,KM102010
Student 01011,student01011@example.edu,MCA,1,M,0,KM101011,KM102011
Student 01012,student01012@example.edu,MCA,1,M,0,KM101012,KM102012
Student 01013,student01013@example.edu,MCA,1,M,0,KM101013,KM102013
Student 01014,student01014@example.edu,MCA,1,M,0,KM101014,KM102014
Student 01015,student01015@example.edu,MCA,1,M,0,KM101015,KM102015
Student 01016,student01016@example.edu,MCA,1,M,0,KM101016,KM102016
Student 01017,student01017@example.edu,MCA,1,M,0,KM101017,KM102017
Student 01018,student01018@example.edu,MCA,1,M,0,KM101018,KM102018
Student 01019,student01019@example.edu,MCA,1,M,0,KM101019,KM102019
Student 01020,student01020@example.edu,MCA,1,M,0,KM101020,KM102020
Student 01021,student01021@example.edu,MCA,1,M,0,KM101021,KM102021
Student 01022,student01022@example.edu,MCA,1,M,0,KM101022,KM102022
Student 01023,student01023@example.edu,MCA,1,M,0,KM101023,KM102023
Student 01024,student01024@example.edu,MCA,1,M,0,KM101024,KM102024
Student 01025,student01025@example.edu,MCA,1,M,0,KM101025,KM102025
Student 01026,student01026@example.edu,MCA,1,M,0,KM101026,KM102026
Student 01027,student01027@example.edu,MCA,1,M,0,KM101027,KM102027
Student 01028,student01028@example.edu,MCA,1,M,0,KM101028,KM102028
Student 01029,student01029@example.edu,MCA,1,M,0,KM101029,KM102029
Student 01030,student01030@example.edu,MCA,1,M,0,KM101030,KM102030
Student 02001,student02001@example.edu,CSE-A,2,B,A,KB2A1001,KB2A2001
Student 02002,student02002@example.edu,CSE-A,2,B,A,KB2A1002,KB2A2002
Student 02003,student02003@example.edu,CSE-A,2,B,A,KB2A1003,KB2A2003
Student 02004,student02004@example.edu,CSE-A,2,B,A,KB2A1004,KB2A2004
Student 02005,student02005@example.edu,CSE-A,2,B,A,KB2A1005,KB2A2005
Student 02006,student02006@example.edu,CSE-A,2,B,A,KB2A1006,KB2A2006
Student 02007,student02007@example.edu,CSE-A,2,B,A,KB2A1007,KB2A2007
Student 02008,student02008@example.edu,CSE-A,2,B,A,KB2A1008,KB2A2008
Student 02009,student02009@example.edu,CSE-A,2,B,A,KB2A1009,KB2A2009
Student 02010,student02010@example.edu,CSE-A,2,B,A,KB2A1010,KB2A2010
Student 02011,student02011@example.edu,CSE-A,2,B,A,KB2A1011,KB2A2011
Student 02012,student02012@example.edu,CSE-A,2,B,A,KB2A1012,KB2A2012
Student 02013,student02013@example.edu,CSE-A,2,B,A,KB2A1013,KB2A2013
Student 02014,student02014@example.edu,CSE-A,2,B,A,KB2A1014,KB2A2014
Student 02015,student02015@example.edu,CSE-A,2,B,A,KB2A1015,KB2A2015
Student 02016,student02016@example.edu,CSE-A,2,B,A,KB2A1016,KB2A2016
Student 02017,student02017@example.edu,CSE-A,2,B,A,KB2A1017,KB2A2017
Student 02018,student02018@example.edu,CSE-A,2,B,A,KB2A1018,KB2A2018
Student 02019,student02019@example.edu,CSE-A,2,B,A,KB2A1019,KB2A2019
Student 02020,student02020@example.edu,CSE-A,2,B,A,KB2A1020,KB2A2020
Student 02021,student02021@example.edu,CSE-A,2,B,A,KB2A1021,KB2A2021
Student 02022,student02022@example.edu,CSE-A,2,B,A,KB2A1022,KB2A2022
Student 02023,student02023@example.edu,CSE-A,2,B,A,KB2A1023,KB2A2023
Student 02024,student02024@example.edu,CSE-A,2,B,A,KB2A1024,KB2A2024
Student 02025,student02025@example.edu,CSE-A,2,B,A,KB2A1025,KB2A2025
Student 02026,student02026@example.edu,CSE-A,2,B,A,KB2A1026,KB2A2026
Student 02027,student02027@example.edu,CSE-A,2,B,A,KB2A1027,KB2A2027
Student 02028,student02028@example.edu,CSE-A,2,B,A,KB2A1028,KB2A2028
Student 02029,student02029@example.edu,CSE-A,2,B,A,KB2A1029,KB2A2029
Student 02030,student02030@example.edu,CSE-A,2,B,A,KB2A1030,KB2A2030
Student 02031,student02031@example.edu,CSE-A,2,B,A,KB2A1031,KB2A2031
Student 02032,student02032@example.edu,CSE-A,2,B,A,KB2A1032,KB2A2032
Student 02033,student02033@example.edu,CSE-A,2,B,A,KB2A1033,KB2A2033
Student 02034,student02034@example.edu,CSE-A,2,B,A,KB2A1034,KB2A2034
Student 02035,student02035@example.edu,CSE-A,2,B,A,KB2A1035,KB2A2035
Student 02036,student02036@example.edu,CSE-A,2,B,A,KB2A1036,KB2A2036
Student 02037,student02037@example.edu,CSE-A,2,B,A,KB2A1037,KB2A2037
Student 02038,student02038@example.edu,CSE-A,2,B,A,KB2A1038,KB2A2038
Student 02039,student02039@example.edu,CSE-A,2,B,A,KB2A1039,KB2A2039
Student 02040,student02040@example.edu,CSE-A,2,B,A,KB2A1040,KB2A2040
Student 02041,student02041@example.edu,CSE-A,2,B,A,KB2A1041,KB2A2041
Student 02042,student02042@example.edu,CSE-A,2,B,A,KB2A1042,KB2A2042
Student 02043,student02043@example.edu,CSE-A,2,B,A,KB2A1043,KB2A2043
Student 02044,student02044@example.edu,CSE-A,2,B,A,KB2A1044,KB2A2044
Student 02045,student02045@example.edu,CSE-A,2,B,A,KB2A1045,KB2A2045
Student 02046,student02046@example.edu,CSE-A,2,B,A,KB2A1046,KB2A2046
Student 02047,student02047@example.edu,CSE-A,2,B,A,KB2A1047,KB2A2047
Student 02048,student02048@example.edu,CSE-A,2,B,A,KB2A1048,KB2A2048
Student 02049,student02049@example.edu,CSE-A,2,B,A,KB2A1049,KB2A2049
Student 02050,student02050@example.edu,CSE-A,2,B,A,KB2A1050,KB2A2050
Student 02051,student02051@example.edu,CSE-A,2,B,A,KB2A1051,KB2A2051
Student 02052,student02052@example.edu,CSE-A,2,B,A,KB2A1052,KB2A2052
Student 02053,student02053@example.edu,CSE-A,2,B,A,KB2A1053,KB2A2053
Student 02054,student02054@example.edu,CSE-A,2,B,A,KB2A1054,KB2A2054
Student 02055,student02055@example.edu,CSE-A,2,B,A,KB2A1055,KB2A2055
Student 02056,student02056@example.edu,CSE-A,2,B,A,KB2A1056,KB2A2056
Student 02057,student02057@example.edu,CSE-A,2,B,A,KB2A1057,KB2A2057
Student 02058,student02058@example.edu,CSE-A,2,B,A,KB2A1058,KB2A2058
Student 02059,student02059@example.edu,CSE-A,2,B,A,KB2A1059,KB2A2059
Student 02060,student02060@example.edu,CSE-A,2,B,A,KB2A1060,KB2A2060
Student 02001,student02001@example.edu,CSE-B,2,B,B,KB2B1001,KB2B2001
Student 02002,student02002@example.edu,CSE-B,2,B,B,KB2B1002,KB2B2002
Student 02003,student02003@example.edu,CSE-B,2,B,B,KB2B1003,KB2B2003
Student 02004,student02004@example.edu,CSE-B,2,B,B,KB2B1004,KB2B2004
Student 02005,student02005@example.edu,CSE-B,2,B,B,KB2B1005,KB2B2005
Student 02006,student02006@example.edu,CSE-B,2,B,B,KB2B1006,KB2B2006
Student 02007,student02007@example.edu,CSE-B,2,B,B,KB2B1007,KB2B2007
Student 02008,student02008@example.edu,CSE-B,2,B,B,KB2B1008,KB2B2008
Student 02009,student02009@example.edu,CSE-B,2,B,B,KB2B1009,KB2B2009
Student 02010,student02010@example.edu,CSE-B,2,B,B,KB2B1010,KB2B2010
Student 02011,student02011@example.edu,CSE-B,2,B,B,KB2B1011,KB2B2011
Student 02012,student02012@example.edu,CSE-B,2,B,B,KB2B1012,KB2B2012
Student 02013,student02013@example.edu,CSE-B,2,B,B,KB2B1013,KB2B2013
Student 02014,student02014@example.edu,CSE-B,2,B,B,KB2B1014,KB2B2014
Student 02015,student02015@example.edu,CSE-B,2,B,B,KB2B1015,KB2B2015
Student 02016,student02016@example.edu,CSE-B,2,B,B,KB2B1016,KB2B2016
Student 02017,student02017@example.edu,CSE-B,2,B,B,KB2B1017,KB2B2017
Student 02018,student02018@example.edu,CSE-B,2,B,B,KB2B1018,KB2B2018
Student 02019,student02019@example.edu,CSE-B,2,B,B,KB2B1019,KB2B2019
Student 02020,student02020@example.edu,CSE-B,2,B,B,KB2B1020,KB2B2020
Student 02021,student02021@example.edu,CSE-B,2,B,B,KB2B1021,KB2B2021
Student 02022,student02022@example.edu,CSE-B,2,B,B,KB2B1022,KB2B2022
Student 02023,student02023@example.edu,CSE-B,2,B,B,KB2B1023,KB2B2023
Student 02024,student02024@example.edu,CSE-B,2,B,B,KB2B1024,KB2B2024
Student 02025,student02025@example.edu,CSE-B,2,B,B,KB2B1025,KB2B2025
Student 02026,student02026@example.edu,CSE-B,2,B,B,KB2B1026,KB2B2026
Student 02027,student02027@example.edu,CSE-B,2,B,B,KB2B1027,KB2B2027
Student 02028,student02028@example.edu,CSE-B,2,B,B,KB2B1028,KB2B2028
Student 02029,student02029@example.edu,CSE-B,2,B,B,KB2B1029,KB2B2029
Student 02030,student02030@example.edu,CSE-B,2,B,B,KB2B1030,KB2B2030
Student 02031,student02031@example.edu,CSE-B,2,B,B,KB2B1031,KB2B2031
Student 02032,student02032@example.edu,CSE-B,2,B,B,KB2B1032,KB2B2032
Student 02033,student02033@example.edu,CSE-B,2,B,B,KB2B1033,KB2B2033
Student 02034,student02034@example.edu,CSE-B,2,B,B,KB2B1034,KB2B2034
Student 02035,student02035@example.edu,CSE-B,2,B,B,KB2B1035,KB2B2035
Student 02036,student02036@example.edu,CSE-B,2,B,B,KB2B1036,KB2B2036
Student 02037,student02037@example.edu,CSE-B,2,B,B,KB2B1037,KB2B2037
Student 02038,student02038@example.edu,CSE-B,2,B,B,KB2B1038,KB2B2038
Student 02039,student02039@example.edu,CSE-B,2,B,B,KB2B1039,KB2B2039
Student 02040,student02040@example.edu,CSE-B,2,B,B,KB2B1040,KB2B2040
Student 02041,student02041@example.edu,CSE-B,2,B,B,KB2B1041,KB2B2041
Student 02042,student02042@example.edu,CSE-B,2,B,B,KB2B1042,KB2B2042
Student 02043,student02043@example.edu,CSE-B,2,B,B,KB2B1043,KB2B2043
Student 02044,student02044@example.edu,CSE-B,2,B,B,KB2B1044,KB2B2044
Student 02045,student02045@example.edu,CSE-B,2,B,B,KB2B1045,KB2B2045
Student 02046,student02046@example.edu,CSE-B,2,B,B,KB2B1046,KB2B2046
Student 02047,student02047@example.edu,CSE-B,2,B,B,KB2B1047,KB2B2047
Student 02048,student02048@example.edu,CSE-B,2,B,B,KB2B1048,KB2B2048
Student 02049,student02049@example.edu,CSE-B,2,B,B,KB2B1049,KB2B2049
Student 02050,student02050@example.edu,CSE-B,2,B,B,KB2B1050,KB2B2050
Student 02051,student02051@example.edu,CSE-B,2,B,B,KB2B1051,KB2B2051
Student 02052,student02052@example.edu,CSE-B,2,B,B,KB2B1052,KB2B2052
Student 02053,student02053@example.edu,CSE-B,2,B,B,KB2B1053,KB2B2053
Student 02054,student02054@example.edu,CSE-B,2,B,B,KB2B1054,KB2B2054
Student 02055,student02055@example.edu,CSE-B,2,B,B,KB2B1055,KB2B2055
Student 02056,student02056@example.edu,CSE-B,2,B,B,KB2B1056,KB2B2056
Student 02057,student02057@example.edu,CSE-B,2,B,B,KB2B1057,KB2B2057
Student 02058,student02058@example.edu,CSE-B,2,B,B,KB2B1058,KB2B2058
Student 02059,student02059@example.edu,CSE-B,2,B,B,KB2B1059,KB2B2059
Student 02060,student02060@example.edu,CSE-B,2,B,B,KB2B1060,KB2B2060
Student 02001,student02001@example.edu,ECE,2,B,E,KB2E1001,KB2E2001
Student 02002,student02002@example.edu,ECE,2,B,E,KB2E1002,KB2E2002
Student 02003,student02003@example.edu,ECE,2,B,E,KB2E1003,KB2E2003
Student 02004,student02004@example.edu,ECE,2,B,E,KB2E1004,KB2E2004
Student 02005,student02005@example.edu,ECE,2,B,E,KB2E1005,KB2E2005
Student 02006,student02006@example.edu,ECE,2,B,E,KB2E1006,KB2E2006
Student 02007,student02007@example.edu,ECE,2,B,E,KB2E1007,KB2E2007
Student 02008,student02008@example.edu,ECE,2,B,E,KB2E1008,KB2E2008
Student 02009,student02009@example.edu,ECE,2,B,E,KB2E1009,KB2E2009
Student 02010,student02010@example.edu,ECE,2,B,E,KB2E1010,KB2E2010
Student 02011,student02011@example.edu,ECE,2,B,E,KB2E1011,KB2E2011
Student 02012,student02012@example.edu,ECE,2,B,E,KB2E1012,KB2E2012
Student 02013,student02013@example.edu,ECE,2,B,E,KB2E1013,KB2E2013
Student 02014,student02014@example.edu,ECE,2,B,E,KB2E1014,KB2E2014
Student 02015,student02015@example.edu,ECE,2,B,E,KB2E1015,KB2E2015
Student 02016,student02016@example.edu,ECE,2,B,E,KB2E1016,KB2E2016
Student 02017,student02017@example.edu,ECE,2,B,E,KB2E1017,KB2E2017
Student 02018,student02018@example.edu,ECE,2,B,E,KB2E1018,KB2E2018
Student 02019,student02019@example.edu,ECE,2,B,E,KB2E1019,KB2E2019
Student 02020,student02020@example.edu,ECE,2,B,E,KB2E1020,KB2E2020
Student 02021,student02021@example.edu,ECE,2,B,E,KB2E1021,KB2E2021
Student 02022,student02022@example.edu,ECE,2,B,E,KB2E1022,KB2E2022
Student 02023,student02023@example.edu,ECE,2,B,E,KB2E1023,KB2E2023
Student 02024,student02024@example.edu,ECE,2,B,E,KB2E1024,KB2E2024
Student 02025,student02025@example.edu,ECE,2,B,E,KB2E1025,KB2E2025
Student 02026,student02026@example.edu,ECE,2,B,E,KB2E1026,KB2E2026
Student 02027,student02027@example.edu,ECE,2,B,E,KB2E1027,KB2E2027
Student 02028,student02028@example.edu,ECE,2,B,E,KB2E1028,KB2E2028
Student 02029,student02029@example.edu,ECE,2,B,E,KB2E1029,KB2E2029
Student 02030,student02030@example.edu,ECE,2,B,E,KB2E1030,KB2E2030
Student 02031,student02031@example.edu,ECE,2,B,E,KB2E1031,KB2E2031
Student 02032,student02032@example.edu,ECE,2,B,E,KB2E1032,KB2E2032
Student 02033,student02033@example.edu,ECE,2,B,E,KB2E1033,KB2E2033
Student 02034,student02034@example.edu,ECE,2,B,E,KB2E1034,KB2E2034
Student 02035,student02035@example.edu,ECE,2,B,E,KB2E1035,KB2E2035
Student 02036,student02036@example.edu,ECE,2,B,E,KB2E1036,KB2E2036
Student 02037,student02037@example.edu,ECE,2,B,E,KB2E1037,KB2E2037
Student 02038,student02038@example.edu,ECE,2,B,E,KB2E1038,KB2E2038
Student 02039,student02039@example.edu,ECE,2,B,E,KB2E1039,KB2E2039
Student 02040,student02040@example.edu,ECE,2,B,E,KB2E1040,KB2E2040
Student 02041,student02041@example.edu,ECE,2,B,E,KB2E1041,KB2E2041
Student 02042,student02042@example.edu,ECE,2,B,E,KB2E1042,KB2E2042
Student 02043,student02043@example.edu,ECE,2,B,E,KB2E1043,KB2E2043
Student 02044,student02044@example.edu,ECE,2,B,E,KB2E1044,KB2E2044
Student 02045,student02045@example.edu,ECE,2,B,E,KB2E1045,KB2E2045
Student 02046,student02046@example.edu,ECE,2,B,E,KB2E1046,KB2E2046
Student 02047,student02047@example.edu,ECE,2,B,E,KB2E1047,KB2E2047
Student 02048,student02048@example.edu,ECE,2,B,E,KB2E1048,KB2E2048
Student 02049,student02049@example.edu,ECE,2,B,E,KB2E1049,KB2E2049
Student 02050,student02050@example.edu,ECE,2,B,E,KB2E1050,KB2E2050
Student 02051,student02051@example.edu,ECE,2,B,E,KB2E1051,KB2E2051
Student 02052,student02052@example.edu,ECE,2,B,E,KB2E1052,KB2E2052
Student 02053,student02053@example.edu,ECE,2,B,E,KB2E1053,KB2E2053
Student 02054,student02054@example.edu,ECE,2,B,E,KB2E1054,KB2E2054
Student 02055,student02055@example.edu,ECE,2,B,E,KB2E1055,KB2E2055
Student 02001,student02001@example.edu,ME,2,B,M,KB2M1001,KB2M2001
Student 02002,student02002@example.edu,ME,2,B,M,KB2M1002,KB2M2002
Student 02003,student02003@example.edu,ME,2,B,M,KB2M1003,KB2M2003
Student 02004,student02004@example.edu,ME,2,B,M,KB2M1004,KB2M2004
Student 02005,student02005@example.edu,ME,2,B,M,KB2M1005,KB2M2005
Student 02006,student02006@example.edu,ME,2,B,M,KB2M1006,KB2M2006
Student 02007,student02007@example.edu,ME,2,B,M,KB2M1007,KB2M2007
Student 02008,student02008@example.edu,ME,2,B,M,KB2M1008,KB2M2008
Student 02009,student02009@example.edu,ME,2,B,M,KB2M1009,KB2M2009
Student 02010,student02010@example.edu,ME,2,B,M,KB2M1010,KB2M2010
Student 02011,student02011@example.edu,ME,2,B,M,KB2M1011,KB2M2011
Student 02012,student02012@example.edu,ME,2,B,M,KB2M1012,KB2M2012
Student 02013,student02013@example.edu,ME,2,B,M,KB2M1013,KB2M2013
Student 02014,student02014@example.edu,ME,2,B,M,KB2M1014,KB2M2014
Student 02015,student02015@example.edu,ME,2,B,M,KB2M1015,KB2M2015
Student 02016,student02016@example.edu,ME,2,B,M,KB2M1016,KB2M2016
Student 02017,student02017@example.edu,ME,2,B,M,KB2M1017,KB2M2017
Student 02018,student02018@example.edu,ME,2,B,M,KB2M1018,KB2M2018
Student 02019,student02019@example.edu,ME,2,B,M,KB2M1019,KB2M2019
Student 02020,student02020@example.edu,ME,2,B,M,KB2M1020,KB2M2020
Student 02021,student02021@example.edu,ME,2,B,M,KB2M1021,KB2M2021
Student 02022,student02022@example.edu,ME,2,B,M,KB2M1022,KB2M2022
Student 02023,student02023@example.edu,ME,2,B,M,KB2M1023,KB2M2023
Student 02024,student02024@example.edu,ME,2,B,M,KB2M1024,KB2M2024
Student 02025,student02025@example.edu,ME,2,B,M,KB2M1025,KB2M2025
Student 02026,student02026@example.edu,ME,2,B,M,KB2M1026,KB2M2026
Student 02027,student02027@example.edu,ME,2,B,M,KB2M1027,KB2M2027
Student 02028,student02028@example.edu,ME,2,B,M,KB2M1028,KB2M2028
Student 02029,student02029@example.edu,ME,2,B,M,KB2M1029,KB2M2029
Student 02030,student02030@example.edu,ME,2,B,M,KB2M1030,KB2M2030
Student 02031,student02031@example.edu,ME,2,B,M,KB2M1031,KB2M2031
Student 02032,student02032@example.edu,ME,2,B,M,KB2M1032,KB2M2032
Student 02033,student02033@example.edu,ME,2,B,M,KB2M1033,KB2M2033
Student 02034,student02034@example.edu,ME,2,B,M,KB2M1034,KB2M2034
Student 02035,student02035@example.edu,ME,2,B,M,KB2M1035,KB2M2035
Student 02036,student02036@example.edu,ME,2,B,M,KB2M1036,KB2M2036
Student 02037,student02037@example.edu,ME,2,B,M,KB2M1037,KB2M2037
Student 02038,student02038@example.edu,ME,2,B,M,KB2M1038,KB2M2038
Student 02039,student02039@example.edu,ME,2,B,M,KB2M1039,KB2M2039
Student 02040,student02040@example.edu,ME,2,B,M,KB2M1040,KB2M2040
Student 02041,student02041@example.edu,ME,2,B,M,KB2M1041,KB2M2041
Student 02042,student02042@example.edu,ME,2,B,M,KB2M1042,KB2M2042
Student 02043,student02043@example.edu,ME,2,B,M,KB2M1043,KB2M2043
Student 02044,student02044@example.edu,ME,2,B,M,KB2M1044,KB2M2044
Student 02045,student02045@example.edu,ME,2,B,M,KB2M1045,KB2M2045
Student 02001,student02001@example.edu,Civil,2,B,V,KB2V1001,KB2V2001
Student 02002,student02002@example.edu,Civil,2,B,V,KB2V1002,KB2V2002
Student 02003,student02003@example.edu,Civil,2,B,V,KB2V1003,KB2V2003
Student 02004,student02004@example.edu,Civil,2,B,V,KB2V1004,KB2V2004
Student 02005,student02005@example.edu,Civil,2,B,V,KB2V1005,KB2V2005
Student 02006,student02006@example.edu,Civil,2,B,V,KB2V1006,KB2V2006
Student 02007,student02007@example.edu,Civil,2,B,V,KB2V1007,KB2V2007
Student 02008,student02008@example.edu,Civil,2,B,V,KB2V1008,KB2V2008
Student 02009,student02009@example.edu,Civil,2,B,V,KB2V1009,KB2V2009
Student 02010,student02010@example.edu,Civil,2,B,V,KB2V1010,KB2V2010
Student 02011,student02011@example.edu,Civil,2,B,V,KB2V1011,KB2V2011
Student 02012,student02012@example.edu,Civil,2,B,V,KB2V1012,KB2V2012
Student 02013,student02013@example.edu,Civil,2,B,V,KB2V1013,KB2V2013
Student 02014,student02014@example.edu,Civil,2,B,V,KB2V1014,KB2V2014
Student 02015,student02015@example.edu,Civil,2,B,V,KB2V1015,KB2V2015
Student 02016,student02016@example.edu,Civil,2,B,V,KB2V1016,KB2V2016
Student 02017,student02017@example.edu,Civil,2,B,V,KB2V1017,KB2V2017
Student 02018,student02018@example.edu,Civil,2,B,V,KB2V1018,KB2V2018
Student 02019,student02019@example.edu,Civil,2,B,V,KB2V1019,KB2V2019
Student 02020,student02020@example.edu,Civil,2,B,V,KB2V1020,KB2V2020
Student 02021,student02021@example.edu,Civil,2,B,V,KB2V1021,KB2V2021
Student 02022,student02022@example.edu,Civil,2,B,V,KB2V1022,KB2V2022
Student 02023,student02023@example.edu,Civil,2,B,V,KB2V1023,KB2V2023
Student 02024,student02024@example.edu,Civil,2,B,V,KB2V1024,KB2V2024
Student 02025,student02025@example.edu,Civil,2,B,V,KB2V1025,KB2V2025
Student 02026,student02026@example.edu,Civil,2,B,V,KB2V1026,KB2V2026
Student 02027,student02027@example.edu,Civil,2,B,V,KB2V1027,KB2V2027
Student 02028,student02028@example.edu,Civil,2,B,V,KB2V1028,KB2V2028
Student 02029,student02029@example.edu,Civil,2,B,V,KB2V1029,KB2V2029
Student 02030,student02030@example.edu,Civil,2,B,V,KB2V1030,KB2V2030
Student 02031,student02031@example.edu,Civil,2,B,V,KB2V1031,KB2V2031
Student 02032,student02032@example.edu,Civil,2,B,V,KB2V1032,KB2V2032
Student 02033,student02033@example.edu,Civil,2,B,V,KB2V1033,KB2V2033
Student 02034,student02034@example.edu,Civil,2,B,V,KB2V1034,KB2V2034
Student 02035,student02035@example.edu,Civil,2,B,V,KB2V1035,KB2V2035
Student 02036,student02036@example.edu,Civil,2,B,V,KB2V1036,KB2V2036
Student 02037,student02037@example.edu,Civil,2,B,V,KB2V1037,KB2V2037
Student 02038,student02038@example.edu,Civil,2,B,V,KB2V1038,KB2V2038
Student 02039,student02039@example.edu,Civil,2,B,V,KB2V1039,KB2V2039
Student 02040,student02040@example.edu,Civil,2,B,V,KB2V1040,KB2V2040
Student 02001,student02001@example.edu,EEE,2,B,L,KB2L1001,KB2L2001
Student 02002,student02002@example.edu,EEE,2,B,L,KB2L1002,KB2L2002
Student 02003,student02003@example.edu,EEE,2,B,L,KB2L1003,KB2L2003
Student 02004,student02004@example.edu,EEE,2,B,L,KB2L1004,KB2L2004
Student 02005,student02005@example.edu,EEE,2,B,L,KB2L1005,KB2L2005
Student 02006,student02006@example.edu,EEE,2,B,L,KB2L1006,KB2L2006
Student 02007,student02007@example.edu,EEE,2,B,L,KB2L1007,KB2L2007
Student 02008,student02008@example.edu,EEE,2,B,L,KB2L1008,KB2L2008
Student 02009,student02009@example.edu,EEE,2,B,L,KB2L1009,KB2L2009
Student 02010,student02010@example.edu,EEE,2,B,L,KB2L1010,KB2L2010
Student 02011,student02011@example.edu,EEE,2,B,L,KB2L1011,KB2L2011
Student 02012,student02012@example.edu,EEE,2,B,L,KB2L1012,KB2L2012
Student 02013,student02013@example.edu,EEE,2,B,L,KB2L1013,KB2L2013
Student 02014,student02014@example.edu,EEE,2,B,L,KB2L1014,KB2L2014
Student 02015,student02015@example.edu,EEE,2,B,L,KB2L1015,KB2L2015
Student 02016,student02016@example.edu,EEE,2,B,L,KB2L1016,KB2L2016
Student 02017,student02017@example.edu,EEE,2,B,L,KB2L1017,KB2L2017
Student 02018,student02018@example.edu,EEE,2,B,L,KB2L1018,KB2L2018
Student 02019,student02019@example.edu,EEE,2,B,L,KB2L1019,KB2L2019
Student 02020,student02020@example.edu,EEE,2,B,L,KB2L1020,KB2L2020
Student 02021,student02021@example.edu,EEE,2,B,L,KB2L1021,KB2L2021
Student 02022,student02022@example.edu,EEE,2,B,L,KB2L1022,KB2L2022
Student 02023,student02023@example.edu,EEE,2,B,L,KB2L1023,KB2L2023
Student 02024,student02024@example.edu,EEE,2,B,L,KB2L1024,KB2L2024
Student 02025,student02025@example.edu,EEE,2,B,L,KB2L1025,KB2L2025
Student 02026,student02026@example.edu,EEE,2,B,L,KB2L1026,KB2L2026
Student 02027,student02027@example.edu,EEE,2,B,L,KB2L1027,KB2L2027
Student 02028,student02028@example.edu,EEE,2,B,L,KB2L1028,KB2L2028
Student 02029,student02029@example.edu,EEE,2,B,L,KB2L1029,KB2L2029
Student 02030,student02030@example.edu,EEE,2,B,L,KB2L1030,KB2L2030
Student 02031,student02031@example.edu,EEE,2,B,L,KB2L1031,KB2L2031
Student 02032,student02032@example.edu,EEE,2,B,L,KB2L1032,KB2L2032
Student 02033,student02033@example.edu,EEE,2,B,L,KB2L1033,KB2L2033
Student 02034,student02034@example.edu,EEE,2,B,L,KB2L1034,KB2L2034
Student 02035,student02035@example.edu,EEE,2,B,L,KB2L1035,KB2L2035
Student 02036,student02036@example.edu,EEE,2,B,L,KB2L1036,KB2L2036
Student 02037,student02037@example.edu,EEE,2,B,L,KB2L1037,KB2L2037
Student 02038,student02038@example.edu,EEE,2,B,L,KB2L1038,KB2L2038
Student 02039,student02039@example.edu,EEE,2,B,L,KB2L1039,KB2L2039
Student 02040,student02040@example.edu,EEE,2,B,L,KB2L1040,KB2L2040
Student 02001,student02001@example.edu,Robotics,2,B,R,KB2R1001,KB2R2001
Student 02002,student02002@example.edu,Robotics,2,B,R,KB2R1002,KB2R2002
Student 02003,student02003@example.edu,Robotics,2,B,R,KB2R1003,KB2R2003
Student 02004,student02004@example.edu,Robotics,2,B,R,KB2R1004,KB2R2004
Student 02005,student02005@example.edu,Robotics,2,B,R,KB2R1005,KB2R2005
Student 02006,student02006@example.edu,Robotics,2,B,R,KB2R1006,KB2R2006
Student 02007,student02007@example.edu,Robotics,2,B,R,KB2R1007,KB2R2007
Student 02008,student02008@example.edu,Robotics,2,B,R,KB2R1008,KB2R2008
Student 02009,student02009@example.edu,Robotics,2,B,R,KB2R1009,KB2R2009
Student 02010,student02010@example.edu,Robotics,2,B,R,KB2R1010,KB2R2010
Student 02011,student02011@example.edu,Robotics,2,B,R,KB2R1011,KB2R2011
Student 02012,student02012@example.edu,Robotics,2,B,R,KB2R1012,KB2R2012
Student 02013,student02013@example.edu,Robotics,2,B,R,KB2R1013,KB2R2013
Student 02014,student02014@example.edu,Robotics,2,B,R,KB2R1014,KB2R2014
Student 02015,student02015@example.edu,Robotics,2,B,R,KB2R1015,KB2R2015
Student 02016,student02016@example.edu,Robotics,2,B,R,KB2R1016,KB2R2016
Student 02017,student02017@example.edu,Robotics,2,B,R,KB2R1017,KB2R2017
Student 02018,student02018@example.edu,Robotics,2,B,R,KB2R1018,KB2R2018
Student 02019,student02019@example.edu,Robotics,2,B,R,KB2R1019,KB2R2019
Student 02020,student02020@example.edu,Robotics,2,B,R,KB2R1020,KB2R2020
Student 02021,student02021@example.edu,Robotics,2,B,R,KB2R1021,KB2R2021
Student 02022,student02022@example.edu,Robotics,2,B,R,KB2R1022,KB2R2022
Student 02023,student02023@example.edu,Robotics,2,B,R,KB2R1023,KB2R2023
Student 02024,student02024@example.edu,Robotics,2,B,R,KB2R1024,KB2R2024
Student 02025,student02025@example.edu,Robotics,2,B,R,KB2R1025,KB2R2025
Student 02026,student02026@example.edu,Robotics,2,B,R,KB2R1026,KB2R2026
Student 02027,student02027@example.edu,Robotics,2,B,R,KB2R1027,KB2R2027
Student 02028,student02028@example.edu,Robotics,2,B,R,KB2R1028,KB2R2028
Student 02029,student02029@example.edu,Robotics,2,B,R,KB2R1029,KB2R2029
Student 02030,student02030@example.edu,Robotics,2,B,R,KB2R1030,KB2R2030
Student 02001,student02001@example.edu,MTech,2,T,0,KT201001,KT202001
Student 02002,student02002@example.edu,MTech,2,T,0,KT201002,KT202002
Student 02003,student02003@example.edu,MTech,2,T,0,KT201003,KT202003
Student 02004,student02004@example.edu,MTech,2,T,0,KT201004,KT202004
Student 02005,student02005@example.edu,MTech,2,T,0,KT201005,KT202005
Student 02006,student02006@example.edu,MTech,2,T,0,KT201006,KT202006
Student 02007,student02007@example.edu,MTech,2,T,0,KT201007,KT202007
Student 02008,student02008@example.edu,MTech,2,T,0,KT201008,KT202008
Student 02009,student02009@example.edu,MTech,2,T,0,KT201009,KT202009
Student 02010,student02010@example.edu,MTech,2,T,0,KT201010,KT202010
Student 02011,student02011@example.edu,MTech,2,T,0,KT201011,KT202011
Student 02012,student02012@example.edu,MTech,2,T,0,KT201012,KT202012
Student 02013,student02013@example.edu,MTech,2,T,0,KT201013,KT202013
Student 02014,student02014@example.edu,MTech,2,T,0,KT201014,KT202014
Student 02015,student02015@example.edu,MTech,2,T,0,KT201015,KT202015
Student 02016,student02016@example.edu,MTech,2,T,0,KT201016,KT202016
Student 02017,student02017@example.edu,MTech,2,T,0,KT201017,KT202017
Student 02018,student02018@example.edu,MTech,2,T,0,KT201018,KT202018
Student 02019,student02019@example.edu,MTech,2,T,0,KT201019,KT202019
Student 02020,student02020@example.edu,MTech,2,T,0,KT201020,KT202020
Student 02021,student02021@example.edu,MTech,2,T,0,KT201021,KT202021
Student 02022,student02022@example.edu,MTech,2,T,0,KT201022,KT202022
Student 02023,student02023@example.edu,MTech,2,T,0,KT201023,KT202023
Student 02024,student02024@example.edu,MTech,2,T,0,KT201024,KT202024
Student 02025,student02025@example.edu,MTech,2,T,0,KT201025,KT202025
Student 02026,student02026@example.edu,MTech,2,T,0,KT201026,KT202026
Student 02027,student02027@example.edu,MTech,2,T,0,KT201027,KT202027
Student 02028,student02028@example.edu,MTech,2,T,0,KT201028,KT202028
Student 02029,student02029@example.edu,MTech,2,T,0,KT201029,KT202029
Student 02030,student02030@example.edu,MTech,2,T,0,KT201030,KT202030
Student 03001,student03001@example.edu,CSE-A,3,B,A,KB3A1001,KB3A2001
Student 03002,student03002@example.edu,CSE-A,3,B,A,KB3A1002,KB3A2002
Student 03003,student03003@example.edu,CSE-A,3,B,A,KB3A1003,KB3A2003
Student 03004,student03004@example.edu,CSE-A,3,B,A,KB3A1004,KB3A2004
Student 03005,student03005@example.edu,CSE-A,3,B,A,KB3A1005,KB3A2005
Student 03006,student03006@example.edu,CSE-A,3,B,A,KB3A1006,KB3A2006
Student 03007,student03007@example.edu,CSE-A,3,B,A,KB3A1007,KB3A2007
Student 03008,student03008@example.edu,CSE-A,3,B,A,KB3A1008,KB3A2008
Student 03009,student03009@example.edu,CSE-A,3,B,A,KB3A1009,KB3A2009
Student 03010,student03010@example.edu,CSE-A,3,B,A,KB3A1010,KB3A2010
Student 03011,student03011@example.edu,CSE-A,3,B,A,KB3A1011,KB3A2011
Student 03012,student03012@example.edu,CSE-A,3,B,A,KB3A1012,KB3A2012
Student 03013,student03013@example.edu,CSE-A,3,B,A,KB3A1013,KB3A2013
Student 03014,student03014@example.edu,CSE-A,3,B,A,KB3A1014,KB3A2014
Student 03015,student03015@example.edu,CSE-A,3,B,A,KB3A1015,KB3A2015
Student 03016,student03016@example.edu,CSE-A,3,B,A,KB3A1016,KB3A2016
Student 03017,student03017@example.edu,CSE-A,3,B,A,KB3A1017,KB3A2017
Student 03018,student03018@example.edu,CSE-A,3,B,A,KB3A1018,KB3A2018
Student 03019,student03019@example.edu,CSE-A,3,B,A,KB3A1019,KB3A2019
Student 03020,student03020@example.edu,CSE-A,3,B,A,KB3A1020,KB3A2020
Student 03021,student03021@example.edu,CSE-A,3,B,A,KB3A1021,KB3A2021
Student 03022,student03022@example.edu,CSE-A,3,B,A,KB3A1022,KB3A2022
Student 03023,student03023@example.edu,CSE-A,3,B,A,KB3A1023,KB3A2023
Student 03024,student03024@example.edu,CSE-A,3,B,A,KB3A1024,KB3A2024
Student 03025,student03025@example.edu,CSE-A,3,B,A,KB3A1025,KB3A2025
Student 03026,student03026@example.edu,CSE-A,3,B,A,KB3A1026,KB3A2026
Student 03027,student03027@example.edu,CSE-A,3,B,A,KB3A1027,KB3A2027
Student 03028,student03028@example.edu,CSE-A,3,B,A,KB3A1028,KB3A2028
Student 03029,student03029@example.edu,CSE-A,3,B,A,KB3A1029,KB3A2029
Student 03030,student03030@example.edu,CSE-A,3,B,A,KB3A1030,KB3A2030
Student 03031,student03031@example.edu,CSE-A,3,B,A,KB3A1031,KB3A2031
Student 03032,student03032@example.edu,CSE-A,3,B,A,KB3A1032,KB3A2032
Student 03033,student03033@example.edu,CSE-A,3,B,A,KB3A1033,KB3A2033
Student 03034,student03034@example.edu,CSE-A,3,B,A,KB3A1034,KB3A2034
Student 03035,student03035@example.edu,CSE-A,3,B,A,KB3A1035,KB3A2035
Student 03036,student03036@example.edu,CSE-A,3,B,A,KB3A1036,KB3A2036
Student 03037,student03037@example.edu,CSE-A,3,B,A,KB3A1037,KB3A2037
Student 03038,student03038@example.edu,CSE-A,3,B,A,KB3A1038,KB3A2038
Student 03039,student03039@example.edu,CSE-A,3,B,A,KB3A1039,KB3A2039
Student 03040,student03040@example.edu,CSE-A,3,B,A,KB3A1040,KB3A2040
Student 03041,student03041@example.edu,CSE-A,3,B,A,KB3A1041,KB3A2041
Student 03042,student03042@example.edu,CSE-A,3,B,A,KB3A1042,KB3A2042
Student 03043,student03043@example.edu,CSE-A,3,B,A,KB3A1043,KB3A2043
Student 03044,student03044@example.edu,CSE-A,3,B,A,KB3A1044,KB3A2044
Student 03045,student03045@example.edu,CSE-A,3,B,A,KB3A1045,KB3A2045
Student 03046,student03046@example.edu,CSE-A,3,B,A,KB3A1046,KB3A2046
Student 03047,student03047@example.edu,CSE-A,3,B,A,KB3A1047,KB3A2047
Student 03048,student03048@example.edu,CSE-A,3,B,A,KB3A1048,KB3A2048
Student 03049,student03049@example.edu,CSE-A,3,B,A,KB3A1049,KB3A2049
Student 03050,student03050@example.edu,CSE-A,3,B,A,KB3A1050,KB3A2050
Student 03051,student03051@example.edu,CSE-A,3,B,A,KB3A1051,KB3A2051
Student 03052,student03052@example.edu,CSE-A,3,B,A,KB3A1052,KB3A2052
Student 03053,student03053@example.edu,CSE-A,3,B,A,KB3A1053,KB3A2053
Student 03054,student03054@example.edu,CSE-A,3,B,A,KB3A1054,KB3A2054
Student 03055,student03055@example.edu,CSE-A,3,B,A,KB3A1055,KB3A2055
Student 03001,student03001@example.edu,CSE-B,3,B,B,KB3B1001,KB3B2001
Student 03002,student03002@example.edu,CSE-B,3,B,B,KB3B1002,KB3B2002
Student 03003,student03003@example.edu,CSE-B,3,B,B,KB3B1003,KB3B2003
Student 03004,student03004@example.edu,CSE-B,3,B,B,KB3B1004,KB3B2004
Student 03005,student03005@example.edu,CSE-B,3,B,B,KB3B1005,KB3B2005
Student 03006,student03006@example.edu,CSE-B,3,B,B,KB3B1006,KB3B2006
Student 03007,student03007@example.edu,CSE-B,3,B,B,KB3B1007,KB3B2007
Student 03008,student03008@example.edu,CSE-B,3,B,B,KB3B1008,KB3B2008
Student 03009,student03009@example.edu,CSE-B,3,B,B,KB3B1009,KB3B2009
Student 03010,student03010@example.edu,CSE-B,3,B,B,KB3B1010,KB3B2010
Student 03011,student03011@example.edu,CSE-B,3,B,B,KB3B1011,KB3B2011
Student 03012,student03012@example.edu,CSE-B,3,B,B,KB3B1012,KB3B2012
Student 03013,student03013@example.edu,CSE-B,3,B,B,KB3B1013,KB3B2013
Student 03014,student03014@example.edu,CSE-B,3,B,B,KB3B1014,KB3B2014
Student 03015,student03015@example.edu,CSE-B,3,B,B,KB3B1015,KB3B2015
Student 03016,student03016@example.edu,CSE-B,3,B,B,KB3B1016,KB3B2016
Student 03017,student03017@example.edu,CSE-B,3,B,B,KB3B1017,KB3B2017
Student 03018,student03018@example.edu,CSE-B,3,B,B,KB3B1018,KB3B2018
Student 03019,student03019@example.edu,CSE-B,3,B,B,KB3B1019,KB3B2019
Student 03020,student03020@example.edu,CSE-B,3,B,B,KB3B1020,KB3B2020
Student 03021,student03021@example.edu,CSE-B,3,B,B,KB3B1021,KB3B2021
Student 03022,student03022@example.edu,CSE-B,3,B,B,KB3B1022,KB3B2022
Student 03023,student03023@example.edu,CSE-B,3,B,B,KB3B1023,KB3B2023
Student 03024,student03024@example.edu,CSE-B,3,B,B,KB3B1024,KB3B2024
Student 03025,student03025@example.edu,CSE-B,3,B,B,KB3B1025,KB3B2025
Student 03026,student03026@example.edu,CSE-B,3,B,B,KB3B1026,KB3B2026
Student 03027,student03027@example.edu,CSE-B,3,B,B,KB3B1027,KB3B2027
Student 03028,student03028@example.edu,CSE-B,3,B,B,KB3B1028,KB3B2028
Student 03029,student03029@example.edu,CSE-B,3,B,B,KB3B1029,KB3B2029
Student 03030,student03030@example.edu,CSE-B,3,B,B,KB3B1030,KB3B2030
Student 03031,student03031@example.edu,CSE-B,3,B,B,KB3B1031,KB3B2031
Student 03032,student03032@example.edu,CSE-B,3,B,B,KB3B1032,KB3B2032
Student 03033,student03033@example.edu,CSE-B,3,B,B,KB3B1033,KB3B2033
Student 03034,student03034@example.edu,CSE-B,3,B,B,KB3B1034,KB3B2034
Student 03035,student03035@example.edu,CSE-B,3,B,B,KB3B1035,KB3B2035
Student 03036,student03036@example.edu,CSE-B,3,B,B,KB3B1036,KB3B2036
Student 03037,student03037@example.edu,CSE-B,3,B,B,KB3B1037,KB3B2037
Student 03038,student03038@example.edu,CSE-B,3,B,B,KB3B1038,KB3B2038
Student 03039,student03039@example.edu,CSE-B,3,B,B,KB3B1039,KB3B2039
Student 03040,student03040@example.edu,CSE-B,3,B,B,KB3B1040,KB3B2040
Student 03041,student03041@example.edu,CSE-B,3,B,B,KB3B1041,KB3B2041
Student 03042,student03042@example.edu,CSE-B,3,B,B,KB3B1042,KB3B2042
Student 03043,student03043@example.edu,CSE-B,3,B,B,KB3B1043,KB3B2043
Student 03044,student03044@example.edu,CSE-B,3,B,B,KB3B1044,KB3B2044
Student 03045,student03045@example.edu,CSE-B,3,B,B,KB3B1045,KB3B2045
Student 03046,student03046@example.edu,CSE-B,3,B,B,KB3B1046,KB3B2046
Student 03047,student03047@example.edu,CSE-B,3,B,B,KB3B1047,KB3B2047
Student 03048,student03048@example.edu,CSE-B,3,B,B,KB3B1048,KB3B2048
Student 03049,student03049@example.edu,CSE-B,3,B,B,KB3B1049,KB3B2049
Student 03050,student03050@example.edu,CSE-B,3,B,B,KB3B1050,KB3B2050
Student 03051,student03051@example.edu,CSE-B,3,B,B,KB3B1051,KB3B2051
Student 03052,student03052@example.edu,CSE-B,3,B,B,KB3B1052,KB3B2052
Student 03053,student03053@example.edu,CSE-B,3,B,B,KB3B1053,KB3B2053
Student 03054,student03054@example.edu,CSE-B,3,B,B,KB3B1054,KB3B2054
Student 03055,student03055@example.edu,CSE-B,3,B,B,KB3B1055,KB3B2055
Student 03001,student03001@example.edu,ECE,3,B,E,KB3E1001,KB3E2001
Student 03002,student03002@example.edu,ECE,3,B,E,KB3E1002,KB3E2002
Student 03003,student03003@example.edu,ECE,3,B,E,KB3E1003,KB3E2003
Student 03004,student03004@example.edu,ECE,3,B,E,KB3E1004,KB3E2004
Student 03005,student03005@example.edu,ECE,3,B,E,KB3E1005,KB3E2005
Student 03006,student03006@example.edu,ECE,3,B,E,KB3E1006,KB3E2006
Student 03007,student03007@example.edu,ECE,3,B,E,KB3E1007,KB3E2007
Student 03008,student03008@example.edu,ECE,3,B,E,KB3E1008,KB3E2008
Student 03009,student03009@example.edu,ECE,3,B,E,KB3E1009,KB3E2009
Student 03010,student03010@example.edu,ECE,3,B,E,KB3E1010,KB3E2010
Student 03011,student03011@example.edu,ECE,3,B,E,KB3E1011,KB3E2011
Student 03012,student03012@example.edu,ECE,3,B,E,KB3E1012,KB3E2012
Student 03013,student03013@example.edu,ECE,3,B,E,KB3E1013,KB3E2013
Student 03014,student03014@example.edu,ECE,3,B,E,KB3E1014,KB3E2014
Student 03015,student03015@example.edu,ECE,3,B,E,KB3E1015,KB3E2015
Student 03016,student03016@example.edu,ECE,3,B,E,KB3E1016,KB3E2016
Student 03017,student03017@example.edu,ECE,3,B,E,KB3E1017,KB3E2017
Student 03018,student03018@example.edu,ECE,3,B,E,KB3E1018,KB3E2018
Student 03019,student03019@example.edu,ECE,3,B,E,KB3E1019,KB3E2019
Student 03020,student03020@example.edu,ECE,3,B,E,KB3E1020,KB3E2020
Student 03021,student03021@example.edu,ECE,3,B,E,KB3E1021,KB3E2021
Student 03022,student03022@example.edu,ECE,3,B,E,KB3E1022,KB3E2022
Student 03023,student03023@example.edu,ECE,3,B,E,KB3E1023,KB3E2023
Student 03024,student03024@example.edu,ECE,3,B,E,KB3E1024,KB3E2024
Student 03025,student03025@example.edu,ECE,3,B,E,KB3E1025,KB3E2025
Student 03026,student03026@example.edu,ECE,3,B,E,KB3E1026,KB3E2026
Student 03027,student03027@example.edu,ECE,3,B,E,KB3E1027,KB3E2027
Student 03028,student03028@example.edu,ECE,3,B,E,KB3E1028,KB3E2028
Student 03029,student03029@example.edu,ECE,3,B,E,KB3E1029,KB3E2029
Student 03030,student03030@example.edu,ECE,3,B,E,KB3E1030,KB3E2030
Student 03031,student03031@example.edu,ECE,3,B,E,KB3E1031,KB3E2031
Student 03032,student03032@example.edu,ECE,3,B,E,KB3E1032,KB3E2032
Student 03033,student03033@example.edu,ECE,3,B,E,KB3E1033,KB3E2033
Student 03034,student03034@example.edu,ECE,3,B,E,KB3E1034,KB3E2034
Student 03035,student03035@example.edu,ECE,3,B,E,KB3E1035,KB3E2035
Student 03036,student03036@example.edu,ECE,3,B,E,KB3E1036,KB3E2036
Student 03037,student03037@example.edu,ECE,3,B,E,KB3E1037,KB3E2037
Student 03038,student03038@example.edu,ECE,3,B,E,KB3E1038,KB3E2038
Student 03039,student03039@example.edu,ECE,3,B,E,KB3E1039,KB3E2039
Student 03040,student03040@example.edu,ECE,3,B,E,KB3E1040,KB3E2040
Student 03041,student03041@example.edu,ECE,3,B,E,KB3E1041,KB3E2041
Student 03042,student03042@example.edu,ECE,3,B,E,KB3E1042,KB3E2042
Student 03043,student03043@example.edu,ECE,3,B,E,KB3E1043,KB3E2043
Student 03044,student03044@example.edu,ECE,3,B,E,KB3E1044,KB3E2044
Student 03045,student03045@example.edu,ECE,3,B,E,KB3E1045,KB3E2045
Student 03046,student03046@example.edu,ECE,3,B,E,KB3E1046,KB3E2046
Student 03047,student03047@example.edu,ECE,3,B,E,KB3E1047,KB3E2047
Student 03048,student03048@example.edu,ECE,3,B,E,KB3E1048,KB3E2048
Student 03049,student03049@example.edu,ECE,3,B,E,KB3E1049,KB3E2049
Student 03050,student03050@example.edu,ECE,3,B,E,KB3E1050,KB3E2050
Student 03001,student03001@example.edu,ME,3,B,M,KB3M1001,KB3M2001
Student 03002,student03002@example.edu,ME,3,B,M,KB3M1002,KB3M2002
Student 03003,student03003@example.edu,ME,3,B,M,KB3M1003,KB3M2003
Student 03004,student03004@example.edu,ME,3,B,M,KB3M1004,KB3M2004
Student 03005,student03005@example.edu,ME,3,B,M,KB3M1005,KB3M2005
Student 03006,student03006@example.edu,ME,3,B,M,KB3M1006,KB3M2006
Student 03007,student03007@example.edu,ME,3,B,M,KB3M1007,KB3M2007
Student 03008,student03008@example.edu,ME,3,B,M,KB3M1008,KB3M2008
Student 03009,student03009@example.edu,ME,3,B,M,KB3M1009,KB3M2009
Student 03010,student03010@example.edu,ME,3,B,M,KB3M1010,KB3M2010
Student 03011,student03011@example.edu,ME,3,B,M,KB3M1011,KB3M2011
Student 03012,student03012@example.edu,ME,3,B,M,KB3M1012,KB3M2012
Student 03013,student03013@example.edu,ME,3,B,M,KB3M1013,KB3M2013
Student 03014,student03014@example.edu,ME,3,B,M,KB3M1014,KB3M2014
Student 03015,student03015@example.edu,ME,3,B,M,KB3M1015,KB3M2015
Student 03016,student03016@example.edu,ME,3,B,M,KB3M1016,KB3M2016
Student 03017,student03017@example.edu,ME,3,B,M,KB3M1017,KB3M2017
Student 03018,student03018@example.edu,ME,3,B,M,KB3M1018,KB3M2018
Student 03019,student03019@example.edu,ME,3,B,M,KB3M1019,KB3M2019
Student 03020,student03020@example.edu,ME,3,B,M,KB3M1020,KB3M2020
Student 03021,student03021@example.edu,ME,3,B,M,KB3M1021,KB3M2021
Student 03022,student03022@example.edu,ME,3,B,M,KB3M1022,KB3M2022
Student 03023,student03023@example.edu,ME,3,B,M,KB3M1023,KB3M2023
Student 03024,student03024@example.edu,ME,3,B,M,KB3M1024,KB3M2024
Student 03025,student03025@example.edu,ME,3,B,M,KB3M1025,KB3M2025
Student 03026,student03026@example.edu,ME,3,B,M,KB3M1026,KB3M2026
Student 03027,student03027@example.edu,ME,3,B,M,KB3M1027,KB3M2027
Student 03028,student03028@example.edu,ME,3,B,M,KB3M1028,KB3M2028
Student 03029,student03029@example.edu,ME,3,B,M,KB3M1029,KB3M2029
Student 03030,student03030@example.edu,ME,3,B,M,KB3M1030,KB3M2030
Student 03031,student03031@example.edu,ME,3,B,M,KB3M1031,KB3M2031
Student 03032,student03032@example.edu,ME,3,B,M,KB3M1032,KB3M2032
Student 03033,student03033@example.edu,ME,3,B,M,KB3M1033,KB3M2033
Student 03034,student03034@example.edu,ME,3,B,M,KB3M1034,KB3M2034
Student 03035,student03035@example.edu,ME,3,B,M,KB3M1035,KB3M2035
Student 03036,student03036@example.edu,ME,3,B,M,KB3M1036,KB3M2036
Student 03037,student03037@example.edu,ME,3,B,M,KB3M1037,KB3M2037
Student 03038,student03038@example.edu,ME,3,B,M,KB3M1038,KB3M2038
Student 03039,student03039@example.edu,ME,3,B,M,KB3M1039,KB3M2039
Student 03040,student03040@example.edu,ME,3,B,M,KB3M1040,KB3M2040
Student 03001,student03001@example.edu,Civil,3,B,V,KB3V1001,KB3V2001
Student 03002,student03002@example.edu,Civil,3,B,V,KB3V1002,KB3V2002
Student 03003,student03003@example.edu,Civil,3,B,V,KB3V1003,KB3V2003
Student 03004,student03004@example.edu,Civil,3,B,V,KB3V1004,KB3V2004
Student 03005,student03005@example.edu,Civil,3,B,V,KB3V1005,KB3V2005
Student 03006,student03006@example.edu,Civil,3,B,V,KB3V1006,KB3V2006
Student 03007,student03007@example.edu,Civil,3,B,V,KB3V1007,KB3V2007
Student 03008,student03008@example.edu,Civil,3,B,V,KB3V1008,KB3V2008
Student 03009,student03009@example.edu,Civil,3,B,V,KB3V1009,KB3V2009
Student 03010,student03010@example.edu,Civil,3,B,V,KB3V1010,KB3V2010
Student 03011,student03011@example.edu,Civil,3,B,V,KB3V1011,KB3V2011
Student 03012,student03012@example.edu,Civil,3,B,V,KB3V1012,KB3V2012
Student 03013,student03013@example.edu,Civil,3,B,V,KB3V1013,KB3V2013
Student 03014,student03014@example.edu,Civil,3,B,V,KB3V1014,KB3V2014
Student 03015,student03015@example.edu,Civil,3,B,V,KB3V1015,KB3V2015
Student 03016,student03016@example.edu,Civil,3,B,V,KB3V1016,KB3V2016
Student 03017,student03017@example.edu,Civil,3,B,V,KB3V1017,KB3V2017
Student 03018,student03018@example.edu,Civil,3,B,V,KB3V1018,KB3V2018
Student 03019,student03019@example.edu,Civil,3,B,V,KB3V1019,KB3V2019
Student 03020,student03020@example.edu,Civil,3,B,V,KB3V1020,KB3V2020
Student 03021,student03021@example.edu,Civil,3,B,V,KB3V1021,KB3V2021
Student 03022,student03022@example.edu,Civil,3,B,V,KB3V1022,KB3V2022
Student 03023,student03023@example.edu,Civil,3,B,V,KB3V1023,KB3V2023
Student 03024,student03024@example.edu,Civil,3,B,V,KB3V1024,KB3V2024
Student 03025,student03025@example.edu,Civil,3,B,V,KB3V1025,KB3V2025
Student 03026,student03026@example.edu,Civil,3,B,V,KB3V1026,KB3V2026
Student 03027,student03027@example.edu,Civil,3,B,V,KB3V1027,KB3V2027
Student 03028,student03028@example.edu,Civil,3,B,V,KB3V1028,KB3V2028
Student 03029,student03029@example.edu,Civil,3,B,V,KB3V1029,KB3V2029
Student 03030,student03030@example.edu,Civil,3,B,V,KB3V1030,KB3V2030
Student 03031,student03031@example.edu,Civil,3,B,V,KB3V1031,KB3V2031
Student 03032,student03032@example.edu,Civil,3,B,V,KB3V1032,KB3V2032
Student 03033,student03033@example.edu,Civil,3,B,V,KB3V1033,KB3V2033
Student 03034,student03034@example.edu,Civil,3,B,V,KB3V1034,KB3V2034
Student 03035,student03035@example.edu,Civil,3,B,V,KB3V1035,KB3V2035
Student 03001,student03001@example.edu,EEE,3,B,L,KB3L1001,KB3L2001
Student 03002,student03002@example.edu,EEE,3,B,L,KB3L1002,KB3L2002
Student 03003,student03003@example.edu,EEE,3,B,L,KB3L1003,KB3L2003
Student 03004,student03004@example.edu,EEE,3,B,L,KB3L1004,KB3L2004
Student 03005,student03005@example.edu,EEE,3,B,L,KB3L1005,KB3L2005
Student 03006,student03006@example.edu,EEE,3,B,L,KB3L1006,KB3L2006
Student 03007,student03007@example.edu,EEE,3,B,L,KB3L1007,KB3L2007
Student 03008,student03008@example.edu,EEE,3,B,L,KB3L1008,KB3L2008
Student 03009,student03009@example.edu,EEE,3,B,L,KB3L1009,KB3L2009
Student 03010,student03010@example.edu,EEE,3,B,L,KB3L1010,KB3L2010
Student 03011,student03011@example.edu,EEE,3,B,L,KB3L1011,KB3L2011
Student 03012,student03012@example.edu,EEE,3,B,L,KB3L1012,KB3L2012
Student 03013,student03013@example.edu,EEE,3,B,L,KB3L1013,KB3L2013
Student 03014,student03014@example.edu,EEE,3,B,L,KB3L1014,KB3L2014
Student 03015,student03015@example.edu,EEE,3,B,L,KB3L1015,KB3L2015
Student 03016,student03016@example.edu,EEE,3,B,L,KB3L1016,KB3L2016
Student 03017,student03017@example.edu,EEE,3,B,L,KB3L1017,KB3L2017
Student 03018,student03018@example.edu,EEE,3,B,L,KB3L1018,KB3L2018
Student 03019,student03019@example.edu,EEE,3,B,L,KB3L1019,KB3L2019
Student 03020,student03020@example.edu,EEE,3,B,L,KB3L1020,KB3L2020
Student 03021,student03021@example.edu,EEE,3,B,L,KB3L1021,KB3L2021
Student 03022,student03022@example.edu,EEE,3,B,L,KB3L1022,KB3L2022
Student 03023,student03023@example.edu,EEE,3,B,L,KB3L1023,KB3L2023
Student 03024,student03024@example.edu,EEE,3,B,L,KB3L1024,KB3L2024
Student 03025,student03025@example.edu,EEE,3,B,L,KB3L1025,KB3L2025
Student 03026,student03026@example.edu,EEE,3,B,L,KB3L1026,KB3L2026
Student 03027,student03027@example.edu,EEE,3,B,L,KB3L1027,KB3L2027
Student 03028,student03028@example.edu,EEE,3,B,L,KB3L1028,KB3L2028
Student 03029,student03029@example.edu,EEE,3,B,L,KB3L1029,KB3L2029
Student 03030,student03030@example.edu,EEE,3,B,L,KB3L1030,KB3L2030
Student 03031,student03031@example.edu,EEE,3,B,L,KB3L1031,KB3L2031
Student 03032,student03032@example.edu,EEE,3,B,L,KB3L1032,KB3L2032
Student 03033,student03033@example.edu,EEE,3,B,L,KB3L1033,KB3L2033
Student 03034,student03034@example.edu,EEE,3,B,L,KB3L1034,KB3L2034
Student 03035,student03035@example.edu,EEE,3,B,L,KB3L1035,KB3L2035
Student 03001,student03001@example.edu,Robotics,3,B,R,KB3R1001,KB3R2001
Student 03002,student03002@example.edu,Robotics,3,B,R,KB3R1002,KB3R2002
Student 03003,student03003@example.edu,Robotics,3,B,R,KB3R1003,KB3R2003
Student 03004,student03004@example.edu,Robotics,3,B,R,KB3R1004,KB3R2004
Student 03005,student03005@example.edu,Robotics,3,B,R,KB3R1005,KB3R2005
Student 03006,student03006@example.edu,Robotics,3,B,R,KB3R1006,KB3R2006
Student 03007,student03007@example.edu,Robotics,3,B,R,KB3R1007,KB3R2007
Student 03008,student03008@example.edu,Robotics,3,B,R,KB3R1008,KB3R2008
Student 03009,student03009@example.edu,Robotics,3,B,R,KB3R1009,KB3R2009
Student 03010,student03010@example.edu,Robotics,3,B,R,KB3R1010,KB3R2010
Student 03011,student03011@example.edu,Robotics,3,B,R,KB3R1011,KB3R2011
Student 03012,student03012@example.edu,Robotics,3,B,R,KB3R1012,KB3R2012
Student 03013,student03013@example.edu,Robotics,3,B,R,KB3R1013,KB3R2013
Student 03014,student03014@example.edu,Robotics,3,B,R,KB3R1014,KB3R2014
Student 03015,student03015@example.edu,Robotics,3,B,R,KB3R1015,KB3R2015
Student 03016,student03016@example.edu,Robotics,3,B,R,KB3R1016,KB3R2016
Student 03017,student03017@example.edu,Robotics,3,B,R,KB3R1017,KB3R2017
Student 03018,student03018@example.edu,Robotics,3,B,R,KB3R1018,KB3R2018
Student 03019,student03019@example.edu,Robotics,3,B,R,KB3R1019,KB3R2019
Student 03020,student03020@example.edu,Robotics,3,B,R,KB3R1020,KB3R2020
Student 03021,student03021@example.edu,Robotics,3,B,R,KB3R1021,KB3R2021
Student 03022,student03022@example.edu,Robotics,3,B,R,KB3R1022,KB3R2022
Student 03023,student03023@example.edu,Robotics,3,B,R,KB3R1023,KB3R2023
Student 03024,student03024@example.edu,Robotics,3,B,R,KB3R1024,KB3R2024
Student 03025,student03025@example.edu,Robotics,3,B,R,KB3R1025,KB3R2025
Student 03026,student03026@example.edu,Robotics,3,B,R,KB3R1026,KB3R2026
Student 03027,student03027@example.edu,Robotics,3,B,R,KB3R1027,KB3R2027
Student 03028,student03028@example.edu,Robotics,3,B,R,KB3R1028,KB3R2028
Student 03029,student03029@example.edu,Robotics,3,B,R,KB3R1029,KB3R2029
Student 03030,student03030@example.edu,Robotics,3,B,R,KB3R1030,KB3R2030
Student 03001,student03001@example.edu,B.Arch,3,A,0,KA301001,KA302001
Student 03002,student03002@example.edu,B.Arch,3,A,0,KA301002,KA302002
Student 03003,student03003@example.edu,B.Arch,3,A,0,KA301003,KA302003
Student 03004,student03004@example.edu,B.Arch,3,A,0,KA301004,KA302004
Student 03005,student03005@example.edu,B.Arch,3,A,0,KA301005,KA302005
Student 03006,student03006@example.edu,B.Arch,3,A,0,KA301006,KA302006
Student 03007,student03007@example.edu,B.Arch,3,A,0,KA301007,KA302007
Student 03008,student03008@example.edu,B.Arch,3,A,0,KA301008,KA302008
Student 03009,student03009@example.edu,B.Arch,3,A,0,KA301009,KA302009
Student 03010,student03010@example.edu,B.Arch,3,A,0,KA301010,KA302010
Student 03011,student03011@example.edu,B.Arch,3,A,0,KA301011,KA302011
Student 03012,student03012@example.edu,B.Arch,3,A,0,KA301012,KA302012
Student 03013,student03013@example.edu,B.Arch,3,A,0,KA301013,KA302013
Student 03014,student03014@example.edu,B.Arch,3,A,0,KA301014,KA302014
Student 03015,student03015@example.edu,B.Arch,3,A,0,KA301015,KA302015
Student 03016,student03016@example.edu,B.Arch,3,A,0,KA301016,KA302016
Student 03017,student03017@example.edu,B.Arch,3,A,0,KA301017,KA302017
Student 03018,student03018@example.edu,B.Arch,3,A,0,KA301018,KA302018
Student 03019,student03019@example.edu,B.Arch,3,A,0,KA301019,KA302019
Student 03020,student03020@example.edu,B.Arch,3,A,0,KA301020,KA302020
Student 04001,student04001@example.edu,CSE,4,B,C,KB4C1001,KB4C2001
Student 04002,student04002@example.edu,CSE,4,B,C,KB4C1002,KB4C2002
Student 04003,student04003@example.edu,CSE,4,B,C,KB4C1003,KB4C2003
Student 04004,student04004@example.edu,CSE,4,B,C,KB4C1004,KB4C2004
Student 04005,student04005@example.edu,CSE,4,B,C,KB4C1005,KB4C2005
Student 04006,student04006@example.edu,CSE,4,B,C,KB4C1006,KB4C2006
Student 04007,student04007@example.edu,CSE,4,B,C,KB4C1007,KB4C2007
Student 04008,student04008@example.edu,CSE,4,B,C,KB4C1008,KB4C2008
Student 04009,student04009@example.edu,CSE,4,B,C,KB4C1009,KB4C2009
Student 04010,student04010@example.edu,CSE,4,B,C,KB4C1010,KB4C2010
Student 04011,student04011@example.edu,CSE,4,B,C,KB4C1011,KB4C2011
Student 04012,student04012@example.edu,CSE,4,B,C,KB4C1012,KB4C2012
Student 04013,student04013@example.edu,CSE,4,B,C,KB4C1013,KB4C2013
Student 04014,student04014@example.edu,CSE,4,B,C,KB4C1014,KB4C2014
Student 04015,student04015@example.edu,CSE,4,B,C,KB4C1015,KB4C2015
Student 04016,student04016@example.edu,CSE,4,B,C,KB4C1016,KB4C2016
Student 04017,student04017@example.edu,CSE,4,B,C,KB4C1017,KB4C2017
Student 04018,student04018@example.edu,CSE,4,B,C,KB4C1018,KB4C2018
Student 04019,student04019@example.edu,CSE,4,B,C,KB4C1019,KB4C2019
Student 04020,student04020@example.edu,CSE,4,B,C,KB4C1020,KB4C2020
Student 04021,student04021@example.edu,CSE,4,B,C,KB4C1021,KB4C2021
Student 04022,student04022@example.edu,CSE,4,B,C,KB4C1022,KB4C2022
Student 04023,student04023@example.edu,CSE,4,B,C,KB4C1023,KB4C2023
Student 04024,student04024@example.edu,CSE,4,B,C,KB4C1024,KB4C2024
Student 04025,student04025@example.edu,CSE,4,B,C,KB4C1025,KB4C2025
Student 04026,student04026@example.edu,CSE,4,B,C,KB4C1026,KB4C2026
Student 04027,student04027@example.edu,CSE,4,B,C,KB4C1027,KB4C2027
Student 04028,student04028@example.edu,CSE,4,B,C,KB4C1028,KB4C2028
Student 04029,student04029@example.edu,CSE,4,B,C,KB4C1029,KB4C2029
Student 04030,student04030@example.edu,CSE,4,B,C,KB4C1030,KB4C2030
Student 04031,student04031@example.edu,CSE,4,B,C,KB4C1031,KB4C2031
Student 04032,student04032@example.edu,CSE,4,B,C,KB4C1032,KB4C2032
Student 04033,student04033@example.edu,CSE,4,B,C,KB4C1033,KB4C2033
Student 04034,student04034@example.edu,CSE,4,B,C,KB4C1034,KB4C2034
Student 04035,student04035@example.edu,CSE,4,B,C,KB4C1035,KB4C2035
Student 04036,student04036@example.edu,CSE,4,B,C,KB4C1036,KB4C2036
Student 04037,student04037@example.edu,CSE,4,B,C,KB4C1037,KB4C2037
Student 04038,student04038@example.edu,CSE,4,B,C,KB4C1038,KB4C2038
Student 04039,student04039@example.edu,CSE,4,B,C,KB4C1039,KB4C2039
Student 04040,student04040@example.edu,CSE,4,B,C,KB4C1040,KB4C2040
Student 04041,student04041@example.edu,CSE,4,B,C,KB4C1041,KB4C2041
Student 04042,student04042@example.edu,CSE,4,B,C,KB4C1042,KB4C2042
Student 04043,student04043@example.edu,CSE,4,B,C,KB4C1043,KB4C2043
Student 04044,student04044@example.edu,CSE,4,B,C,KB4C1044,KB4C2044
Student 04045,student04045@example.edu,CSE,4,B,C,KB4C1045,KB4C2045
Student 04046,student04046@example.edu,CSE,4,B,C,KB4C1046,KB4C2046
Student 04047,student04047@example.edu,CSE,4,B,C,KB4C1047,KB4C2047
Student 04048,student04048@example.edu,CSE,4,B,C,KB4C1048,KB4C2048
Student 04049,student04049@example.edu,CSE,4,B,C,KB4C1049,KB4C2049
Student 04050,student04050@example.edu,CSE,4,B,C,KB4C1050,KB4C2050
Student 04051,student04051@example.edu,CSE,4,B,C,KB4C1051,KB4C2051
Student 04052,student04052@example.edu,CSE,4,B,C,KB4C1052,KB4C2052
Student 04053,student04053@example.edu,CSE,4,B,C,KB4C1053,KB4C2053
Student 04054,student04054@example.edu,CSE,4,B,C,KB4C1054,KB4C2054
Student 04055,student04055@example.edu,CSE,4,B,C,KB4C1055,KB4C2055
Student 04001,student04001@example.edu,ECE,4,B,E,KB4E1001,KB4E2001
Student 04002,student04002@example.edu,ECE,4,B,E,KB4E1002,KB4E2002
Student 04003,student04003@example.edu,ECE,4,B,E,KB4E1003,KB4E2003
Student 04004,student04004@example.edu,ECE,4,B,E,KB4E1004,KB4E2004
Student 04005,student04005@example.edu,ECE,4,B,E,KB4E1005,KB4E2005
Student 04006,student04006@example.edu,ECE,4,B,E,KB4E1006,KB4E2006
Student 04007,student04007@example.edu,ECE,4,B,E,KB4E1007,KB4E2007
Student 04008,student04008@example.edu,ECE,4,B,E,KB4E1008,KB4E2008
Student 04009,student04009@example.edu,ECE,4,B,E,KB4E1009,KB4E2009
Student 04010,student04010@example.edu,ECE,4,B,E,KB4E1010,KB4E2010
Student 04011,student04011@example.edu,ECE,4,B,E,KB4E1011,KB4E2011
Student 04012,student04012@example.edu,ECE,4,B,E,KB4E1012,KB4E2012
Student 04013,student04013@example.edu,ECE,4,B,E,KB4E1013,KB4E2013
Student 04014,student04014@example.edu,ECE,4,B,E,KB4E1014,KB4E2014
Student 04015,student04015@example.edu,ECE,4,B,E,KB4E1015,KB4E2015
Student 04016,student04016@example.edu,ECE,4,B,E,KB4E1016,KB4E2016
Student 04017,student04017@example.edu,ECE,4,B,E,KB4E1017,KB4E2017
Student 04018,student04018@example.edu,ECE,4,B,E,KB4E1018,KB4E2018
Student 04019,student04019@example.edu,ECE,4,B,E,KB4E1019,KB4E2019
Student 04020,student04020@example.edu,ECE,4,B,E,KB4E1020,KB4E2020
Student 04021,student04021@example.edu,ECE,4,B,E,KB4E1021,KB4E2021
Student 04022,student04022@example.edu,ECE,4,B,E,KB4E1022,KB4E2022
Student 04023,student04023@example.edu,ECE,4,B,E,KB4E1023,KB4E2023
Student 04024,student04024@example.edu,ECE,4,B,E,KB4E1024,KB4E2024
Student 04025,student04025@example.edu,ECE,4,B,E,KB4E1025,KB4E2025
Student 04026,student04026@example.edu,ECE,4,B,E,KB4E1026,KB4E2026
Student 04027,student04027@example.edu,ECE,4,B,E,KB4E1027,KB4E2027
Student 04028,student04028@example.edu,ECE,4,B,E,KB4E1028,KB4E2028
Student 04029,student04029@example.edu,ECE,4,B,E,KB4E1029,KB4E2029
Student 04030,student04030@example.edu,ECE,4,B,E,KB4E1030,KB4E2030
Student 04031,student04031@example.edu,ECE,4,B,E,KB4E1031,KB4E2031
Student 04032,student04032@example.edu,ECE,4,B,E,KB4E1032,KB4E2032
Student 04033,student04033@example.edu,ECE,4,B,E,KB4E1033,KB4E2033
Student 04034,student04034@example.edu,ECE,4,B,E,KB4E1034,KB4E2034
Student 04035,student04035@example.edu,ECE,4,B,E,KB4E1035,KB4E2035
Student 04036,student04036@example.edu,ECE,4,B,E,KB4E1036,KB4E2036
Student 04037,student04037@example.edu,ECE,4,B,E,KB4E1037,KB4E2037
Student 04038,student04038@example.edu,ECE,4,B,E,KB4E1038,KB4E2038
Student 04039,student04039@example.edu,ECE,4,B,E,KB4E1039,KB4E2039
Student 04040,student04040@example.edu,ECE,4,B,E,KB4E1040,KB4E2040
Student 04041,student04041@example.edu,ECE,4,B,E,KB4E1041,KB4E2041
Student 04042,student04042@example.edu,ECE,4,B,E,KB4E1042,KB4E2042
Student 04043,student04043@example.edu,ECE,4,B,E,KB4E1043,KB4E2043
Student 04044,student04044@example.edu,ECE,4,B,E,KB4E1044,KB4E2044
Student 04045,student04045@example.edu,ECE,4,B,E,KB4E1045,KB4E2045
Student 04001,student04001@example.edu,ME,4,B,M,KB4M1001,KB4M2001
Student 04002,student04002@example.edu,ME,4,B,M,KB4M1002,KB4M2002
Student 04003,student04003@example.edu,ME,4,B,M,KB4M1003,KB4M2003
Student 04004,student04004@example.edu,ME,4,B,M,KB4M1004,KB4M2004
Student 04005,student04005@example.edu,ME,4,B,M,KB4M1005,KB4M2005
Student 04006,student04006@example.edu,ME,4,B,M,KB4M1006,KB4M2006
Student 04007,student04007@example.edu,ME,4,B,M,KB4M1007,KB4M2007
Student 04008,student04008@example.edu,ME,4,B,M,KB4M1008,KB4M2008
Student 04009,student04009@example.edu,ME,4,B,M,KB4M1009,KB4M2009
Student 04010,student04010@example.edu,ME,4,B,M,KB4M1010,KB4M2010
Student 04011,student04011@example.edu,ME,4,B,M,KB4M1011,KB4M2011
Student 04012,student04012@example.edu,ME,4,B,M,KB4M1012,KB4M2012
Student 04013,student04013@example.edu,ME,4,B,M,KB4M1013,KB4M2013
Student 04014,student04014@example.edu,ME,4,B,M,KB4M1014,KB4M2014
Student 04015,student04015@example.edu,ME,4,B,M,KB4M1015,KB4M2015
Student 04016,student04016@example.edu,ME,4,B,M,KB4M1016,KB4M2016
Student 04017,student04017@example.edu,ME,4,B,M,KB4M1017,KB4M2017
Student 04018,student04018@example.edu,ME,4,B,M,KB4M1018,KB4M2018
Student 04019,student04019@example.edu,ME,4,B,M,KB4M1019,KB4M2019
Student 04020,student04020@example.edu,ME,4,B,M,KB4M1020,KB4M2020
Student 04021,student04021@example.edu,ME,4,B,M,KB4M1021,KB4M2021
Student 04022,student04022@example.edu,ME,4,B,M,KB4M1022,KB4M2022
Student 04023,student04023@example.edu,ME,4,B,M,KB4M1023,KB4M2023
Student 04024,student04024@example.edu,ME,4,B,M,KB4M1024,KB4M2024
Student 04025,student04025@example.edu,ME,4,B,M,KB4M1025,KB4M2025
Student 04026,student04026@example.edu,ME,4,B,M,KB4M1026,KB4M2026
Student 04027,student04027@example.edu,ME,4,B,M,KB4M1027,KB4M2027
Student 04028,student04028@example.edu,ME,4,B,M,KB4M1028,KB4M2028
Student 04029,student04029@example.edu,ME,4,B,M,KB4M1029,KB4M2029
Student 04030,student04030@example.edu,ME,4,B,M,KB4M1030,KB4M2030
Student 04031,student04031@example.edu,ME,4,B,M,KB4M1031,KB4M2031
Student 04032,student04032@example.edu,ME,4,B,M,KB4M1032,KB4M2032
Student 04033,student04033@example.edu,ME,4,B,M,KB4M1033,KB4M2033
Student 04034,student04034@example.edu,ME,4,B,M,KB4M1034,KB4M2034
Student 04035,student04035@example.edu,ME,4,B,M,KB4M1035,KB4M2035
Student 04036,student04036@example.edu,ME,4,B,M,KB4M1036,KB4M2036
Student 04037,student04037@example.edu,ME,4,B,M,KB4M1037,KB4M2037
Student 04038,student04038@example.edu,ME,4,B,M,KB4M1038,KB4M2038
Student 04039,student04039@example.edu,ME,4,B,M,KB4M1039,KB4M2039
Student 04040,student04040@example.edu,ME,4,B,M,KB4M1040,KB4M2040
Student 04001,student04001@example.edu,Civil,4,B,V,KB4V1001,KB4V2001
Student 04002,student04002@example.edu,Civil,4,B,V,KB4V1002,KB4V2002
Student 04003,student04003@example.edu,Civil,4,B,V,KB4V1003,KB4V2003
Student 04004,student04004@example.edu,Civil,4,B,V,KB4V1004,KB4V2004
Student 04005,student04005@example.edu,Civil,4,B,V,KB4V1005,KB4V2005
Student 04006,student04006@example.edu,Civil,4,B,V,KB4V1006,KB4V2006
Student 04007,student04007@example.edu,Civil,4,B,V,KB4V1007,KB4V2007
Student 04008,student04008@example.edu,Civil,4,B,V,KB4V1008,KB4V2008
Student 04009,student04009@example.edu,Civil,4,B,V,KB4V1009,KB4V2009
Student 04010,student04010@example.edu,Civil,4,B,V,KB4V1010,KB4V2010
Student 04011,student04011@example.edu,Civil,4,B,V,KB4V1011,KB4V2011
Student 04012,student04012@example.edu,Civil,4,B,V,KB4V1012,KB4V2012
Student 04013,student04013@example.edu,Civil,4,B,V,KB4V1013,KB4V2013
Student 04014,student04014@example.edu,Civil,4,B,V,KB4V1014,KB4V2014
Student 04015,student04015@example.edu,Civil,4,B,V,KB4V1015,KB4V2015
Student 04016,student04016@example.edu,Civil,4,B,V,KB4V1016,KB4V2016
Student 04017,student04017@example.edu,Civil,4,B,V,KB4V1017,KB4V2017
Student 04018,student04018@example.edu,Civil,4,B,V,KB4V1018,KB4V2018
Student 04019,student04019@example.edu,Civil,4,B,V,KB4V1019,KB4V2019
Student 04020,student04020@example.edu,Civil,4,B,V,KB4V1020,KB4V2020
Student 04021,student04021@example.edu,Civil,4,B,V,KB4V1021,KB4V2021
Student 04022,student04022@example.edu,Civil,4,B,V,KB4V1022,KB4V2022
Student 04023,student04023@example.edu,Civil,4,B,V,KB4V1023,KB4V2023
Student 04024,student04024@example.edu,Civil,4,B,V,KB4V1024,KB4V2024
Student 04025,student04025@example.edu,Civil,4,B,V,KB4V1025,KB4V2025
Student 04026,student04026@example.edu,Civil,4,B,V,KB4V1026,KB4V2026
Student 04027,student04027@example.edu,Civil,4,B,V,KB4V1027,KB4V2027
Student 04028,student04028@example.edu,Civil,4,B,V,KB4V1028,KB4V2028
Student 04029,student04029@example.edu,Civil,4,B,V,KB4V1029,KB4V2029
Student 04030,student04030@example.edu,Civil,4,B,V,KB4V1030,KB4V2030
Student 04031,student04031@example.edu,Civil,4,B,V,KB4V1031,KB4V2031
Student 04032,student04032@example.edu,Civil,4,B,V,KB4V1032,KB4V2032
Student 04033,student04033@example.edu,Civil,4,B,V,KB4V1033,KB4V2033
Student 04034,student04034@example.edu,Civil,4,B,V,KB4V1034,KB4V2034
Student 04035,student04035@example.edu,Civil,4,B,V,KB4V1035,KB4V2035
Student 04001,student04001@example.edu,EEE,4,B,L,KB4L1001,KB4L2001
Student 04002,student04002@example.edu,EEE,4,B,L,KB4L1002,KB4L2002
Student 04003,student04003@example.edu,EEE,4,B,L,KB4L1003,KB4L2003
Student 04004,student04004@example.edu,EEE,4,B,L,KB4L1004,KB4L2004
Student 04005,student04005@example.edu,EEE,4,B,L,KB4L1005,KB4L2005
Student 04006,student04006@example.edu,EEE,4,B,L,KB4L1006,KB4L2006
Student 04007,student04007@example.edu,EEE,4,B,L,KB4L1007,KB4L2007
Student 04008,student04008@example.edu,EEE,4,B,L,KB4L1008,KB4L2008
Student 04009,student04009@example.edu,EEE,4,B,L,KB4L1009,KB4L2009
Student 04010,student04010@example.edu,EEE,4,B,L,KB4L1010,KB4L2010
Student 04011,student04011@example.edu,EEE,4,B,L,KB4L1011,KB4L2011
Student 04012,student04012@example.edu,EEE,4,B,L,KB4L1012,KB4L2012
Student 04013,student04013@example.edu,EEE,4,B,L,KB4L1013,KB4L2013
Student 04014,student04014@example.edu,EEE,4,B,L,KB4L1014,KB4L2014
Student 04015,student04015@example.edu,EEE,4,B,L,KB4L1015,KB4L2015
Student 04016,student04016@example.edu,EEE,4,B,L,KB4L1016,KB4L2016
Student 04017,student04017@example.edu,EEE,4,B,L,KB4L1017,KB4L2017
Student 04018,student04018@example.edu,EEE,4,B,L,KB4L1018,KB4L2018
Student 04019,student04019@example.edu,EEE,4,B,L,KB4L1019,KB4L2019
Student 04020,student04020@example.edu,EEE,4,B,L,KB4L1020,KB4L2020
Student 04021,student04021@example.edu,EEE,4,B,L,KB4L1021,KB4L2021
Student 04022,student04022@example.edu,EEE,4,B,L,KB4L1022,KB4L2022
Student 04023,student04023@example.edu,EEE,4,B,L,KB4L1023,KB4L2023
Student 04024,student04024@example.edu,EEE,4,B,L,KB4L1024,KB4L2024
Student 04025,student04025@example.edu,EEE,4,B,L,KB4L1025,KB4L2025
Student 04026,student04026@example.edu,EEE,4,B,L,KB4L1026,KB4L2026
Student 04027,student04027@example.edu,EEE,4,B,L,KB4L1027,KB4L2027
Student 04028,student04028@example.edu,EEE,4,B,L,KB4L1028,KB4L2028
Student 04029,student04029@example.edu,EEE,4,B,L,KB4L1029,KB4L2029
Student 04030,student04030@example.edu,EEE,4,B,L,KB4L1030,KB4L2030
Student 04031,student04031@example.edu,EEE,4,B,L,KB4L1031,KB4L2031
Student 04032,student04032@example.edu,EEE,4,B,L,KB4L1032,KB4L2032
Student 04033,student04033@example.edu,EEE,4,B,L,KB4L1033,KB4L2033
Student 04034,student04034@example.edu,EEE,4,B,L,KB4L1034,KB4L2034
Student 04035,student04035@example.edu,EEE,4,B,L,KB4L1035,KB4L2035
Student 04001,student04001@example.edu,Robotics,4,B,R,KB4R1001,KB4R2001
Student 04002,student04002@example.edu,Robotics,4,B,R,KB4R1002,KB4R2002
Student 04003,student04003@example.edu,Robotics,4,B,R,KB4R1003,KB4R2003
Student 04004,student04004@example.edu,Robotics,4,B,R,KB4R1004,KB4R2004
Student 04005,student04005@example.edu,Robotics,4,B,R,KB4R1005,KB4R2005
Student 04006,student04006@example.edu,Robotics,4,B,R,KB4R1006,KB4R2006
Student 04007,student04007@example.edu,Robotics,4,B,R,KB4R1007,KB4R2007
Student 04008,student04008@example.edu,Robotics,4,B,R,KB4R1008,KB4R2008
Student 04009,student04009@example.edu,Robotics,4,B,R,KB4R1009,KB4R2009
Student 04010,student04010@example.edu,Robotics,4,B,R,KB4R1010,KB4R2010
Student 04011,student04011@example.edu,Robotics,4,B,R,KB4R1011,KB4R2011
Student 04012,student04012@example.edu,Robotics,4,B,R,KB4R1012,KB4R2012
Student 04013,student04013@example.edu,Robotics,4,B,R,KB4R1013,KB4R2013
Student 04014,student04014@example.edu,Robotics,4,B,R,KB4R1014,KB4R2014
Student 04015,student04015@example.edu,Robotics,4,B,R,KB4R1015,KB4R2015
Student 04016,student04016@example.edu,Robotics,4,B,R,KB4R1016,KB4R2016
Student 04017,student04017@example.edu,Robotics,4,B,R,KB4R1017,KB4R2017
Student 04018,student04018@example.edu,Robotics,4,B,R,KB4R1018,KB4R2018
Student 04019,student04019@example.edu,Robotics,4,B,R,KB4R1019,KB4R2019
Student 04020,student04020@example.edu,Robotics,4,B,R,KB4R1020,KB4R2020
Student 04021,student04021@example.edu,Robotics,4,B,R,KB4R1021,KB4R2021
Student 04022,student04022@example.edu,Robotics,4,B,R,KB4R1022,KB4R2022
Student 04023,student04023@example.edu,Robotics,4,B,R,KB4R1023,KB4R2023
Student 04024,student04024@example.edu,Robotics,4,B,R,KB4R1024,KB4R2024
Student 04025,student04025@example.edu,Robotics,4,B,R,KB4R1025,KB4R2025
Student 04026,student04026@example.edu,Robotics,4,B,R,KB4R1026,KB4R2026
Student 04027,student04027@example.edu,Robotics,4,B,R,KB4R1027,KB4R2027
Student 04028,student04028@example.edu,Robotics,4,B,R,KB4R1028,KB4R2028
Student 04029,student04029@example.edu,Robotics,4,B,R,KB4R1029,KB4R2029
Student 04030,student04030@example.edu,Robotics,4,B,R,KB4R1030,KB4R2030
Student 04001,student04001@example.edu,B.Arch,4,A,0,KA401001,KA402001
Student 04002,student04002@example.edu,B.Arch,4,A,0,KA401002,KA402002
Student 04003,student04003@example.edu,B.Arch,4,A,0,KA401003,KA402003
Student 04004,student04004@example.edu,B.Arch,4,A,0,KA401004,KA402004
Student 04005,student04005@example.edu,B.Arch,4,A,0,KA401005,KA402005
Student 04006,student04006@example.edu,B.Arch,4,A,0,KA401006,KA402006
Student 04007,student04007@example.edu,B.Arch,4,A,0,KA401007,KA402007
Student 04008,student04008@example.edu,B.Arch,4,A,0,KA401008,KA402008
Student 04009,student04009@example.edu,B.Arch,4,A,0,KA401009,KA402009
Student 04010,student04010@example.edu,B.Arch,4,A,0,KA401010,KA402010
Student 04011,student04011@example.edu,B.Arch,4,A,0,KA401011,KA402011
Student 04012,student04012@example.edu,B.Arch,4,A,0,KA401012,KA402012
Student 04013,student04013@example.edu,B.Arch,4,A,0,KA401013,KA402013
Student 04014,student04014@example.edu,B.Arch,4,A,0,KA401014,KA402014
Student 04015,student04015@example.edu,B.Arch,4,A,0,KA401015,KA402015
Student 04016,student04016@example.edu,B.Arch,4,A,0,KA401016,KA402016
Student 04017,student04017@example.edu,B.Arch,4,A,0,KA401017,KA402017
Student 04018,student04018@example.edu,B.Arch,4,A,0,KA401018,KA402018
Student 04019,student04019@example.edu,B.Arch,4,A,0,KA401019,KA402019
Student 04020,student04020@example.edu,B.Arch,4,A,0,KA401020,KA402020
Student 04021,student04021@example.edu,B.Arch,4,A,0,KA401021,KA402021
Student 04022,student04022@example.edu,B.Arch,4,A,0,KA401022,KA402022
Student 04023,student04023@example.edu,B.Arch,4,A,0,KA401023,KA402023
Student 04024,student04024@example.edu,B.Arch,4,A,0,KA401024,KA402024
Student 04025,student04025@example.edu,B.Arch,4,A,0,KA401025,KA402025
Student 04026,student04026@example.edu,B.Arch,4,A,0,KA401026,KA402026
Student 04027,student04027@example.edu,B.Arch,4,A,0,KA401027,KA402027
Student 04028,student04028@example.edu,B.Arch,4,A,0,KA401028,KA402028
Student 04029,student04029@example.edu,B.Arch,4,A,0,KA401029,KA402029
Student 04030,student04030@example.edu,B.Arch,4,A,0,KA401030,KA402030
Student 04031,student04031@example.edu,B.Arch,4,A,0,KA401031,KA402031
Student 04032,student04032@example.edu,B.Arch,4,A,0,KA401032,KA402032
Student 04033,student04033@example.edu,B.Arch,4,A,0,KA401033,KA402033
Student 04034,student04034@example.edu,B.Arch,4,A,0,KA401034,KA402034
Student 04035,student04035@example.edu,B.Arch,4,A,0,KA401035,KA402035
Student 04036,student04036@example.edu,B.Arch,4,A,0,KA401036,KA402036
Student 04037,student04037@example.edu,B.Arch,4,A,0,KA401037,KA402037
Student 04038,student04038@example.edu,B.Arch,4,A,0,KA401038,KA402038
Student 04039,student04039@example.edu,B.Arch,4,A,0,KA401039,KA402039
Student 04040,student04040@example.edu,B.Arch,4,A,0,KA401040,KA402040
Student 05001,student05001@example.edu,B.Arch,5,A,0,KA501001,KA502001
Student 05002,student05002@example.edu,B.Arch,5,A,0,KA501002,KA502002
Student 05003,student05003@example.edu,B.Arch,5,A,0,KA501003,KA502003
Student 05004,student05004@example.edu,B.Arch,5,A,0,KA501004,KA502004
Student 05005,student05005@example.edu,B.Arch,5,A,0,KA501005,KA502005
Student 05006,student05006@example.edu,B.Arch,5,A,0,KA501006,KA502006
Student 05007,student05007@example.edu,B.Arch,5,A,0,KA501007,KA502007
Student 05008,student05008@example.edu,B.Arch,5,A,0,KA501008,KA502008
Student 05009,student05009@example.edu,B.Arch,5,A,0,KA501009,KA502009
Student 05010,student05010@example.edu,B.Arch,5,A,0,KA501010,KA502010
Student 05011,student05011@example.edu,B.Arch,5,A,0,KA501011,KA502011
Student 05012,student05012@example.edu,B.Arch,5,A,0,KA501012,KA502012
Student 05013,student05013@example.edu,B.Arch,5,A,0,KA501013,KA502013
Student 05014,student05014@example.edu,B.Arch,5,A,0,KA501014,KA502014
Student 05015,student05015@example.edu,B.Arch,5,A,0,KA501015,KA502015
Student 05016,student05016@example.edu,B.Arch,5,A,0,KA501016,KA502016
Student 05017,student05017@example.edu,B.Arch,5,A,0,KA501017,KA502017
Student 05018,student05018@example.edu,B.Arch,5,A,0,KA501018,KA502018
Student 05019,student05019@example.edu,B.Arch,5,A,0,KA501019,KA502019
Student 05020,student05020@example.edu,B.Arch,5,A,0,KA501020,KA502020
Student 05021,student05021@example.edu,B.Arch,5,A,0,KA501021,KA502021
Student 05022,student05022@example.edu,B.Arch,5,A,0,KA501022,KA502022
Student 05023,student05023@example.edu,B.Arch,5,A,0,KA501023,KA502023
Student 05024,student05024@example.edu,B.Arch,5,A,0,KA501024,KA502024
Student 05025,student05025@example.edu,B.Arch,5,A,0,KA501025,KA502025
Student 05026,student05026@example.edu,B.Arch,5,A,0,KA501026,KA502026
Student 05027,student05027@example.edu,B.Arch,5,A,0,KA501027,KA502027
Student 05028,student05028@example.edu,B.Arch,5,A,0,KA501028,KA502028
Student 05029,student05029@example.edu,B.Arch,5,A,0,KA501029,KA502029
Student 05030,student05030@example.edu,B.Arch,5,A,0,KA501030,KA502030
Student 05031,student05031@example.edu,B.Arch,5,A,0,KA501031,KA502031
Student 05032,student05032@example.edu,B.Arch,5,A,0,KA501032,KA502032
Student 05033,student05033@example.edu,B.Arch,5,A,0,KA501033,KA502033
Student 05034,student05034@example.edu,B.Arch,5,A,0,KA501034,KA502034
Student 05035,student05035@example.edu,B.Arch,5,A,0,KA501035,KA502035
Student 05036,student05036@example.edu,B.Arch,5,A,0,KA501036,KA502036
Student 05037,student05037@example.edu,B.Arch,5,A,0,KA501037,KA502037
Student 05038,student05038@example.edu,B.Arch,5,A,0,KA501038,KA502038
Student 05039,student05039@example.edu,B.Arch,5,A,0,KA501039,KA502039
Student 05040,student05040@example.edu,B.Arch,5,A,0,KA501040,KA502040
Student 05041,student05041@example.edu,B.Arch,5,A,0,KA501041,KA502041
Student 05042,student05042@example.edu,B.Arch,5,A,0,KA501042,KA502042
Student 05043,student05043@example.edu,B.Arch,5,A,0,KA501043,KA502043
Student 05044,student05044@example.edu,B.Arch,5,A,0,KA501044,KA502044
Student 05045,student05045@example.edu,B.Arch,5,A,0,KA501045,KA502045
Student 05046,student05046@example.edu,B.Arch,5,A,0,KA501046,KA502046
Student 05047,student05047@example.edu,B.Arch,5,A,0,KA501047,KA502047
Student 05048,student05048@example.edu,B.Arch,5,A,0,KA501048,KA502048
Student 05049,student05049@example.edu,B.Arch,5,A,0,KA501049,KA502049
Student 05050,student05050@example.edu,B.Arch,5,A,0,KA501050,KA502050
Student 05051,student05051@example.edu,B.Arch,5,A,0,KA501051,KA502051
Student 05052,student05052@example.edu,B.Arch,5,A,0,KA501052,KA502052
Student 05053,student05053@example.edu,B.Arch,5,A,0,KA501053,KA502053
Student 05054,student05054@example.edu,B.Arch,5,A,0,KA501054,KA502054
Student 05055,student05055@example.edu,B.Arch,5,A,0,KA501055,KA502055
Student 05056,student05056@example.edu,B.Arch,5,A,0,KA501056,KA502056
Student 05057,student05057@example.edu,B.Arch,5,A,0,KA501057,KA502057
Student 05058,student05058@example.edu,B.Arch,5,A,0,KA501058,KA502058
Student 05059,student05059@example.edu,B.Arch,5,A,0,KA501059,KA502059
Student 05060,student05060@example.edu,B.Arch,5,A,0,KA501060,KA502060
